{
  "version":  "3.3.0",
  "coordination numbers": [
     3.7986698510077685E+00,
     3.7477619491948038E+00,
     3.7461898429503622E+00,
     9.2464603848830262E-01,
     9.2460801526594139E-01,
     9.2464047538480920E-01,
     9.2438190548482202E-01,
     9.2320371366321252E-01,
     9.2320343309321728E-01,
     9.2320398271872772E-01,
     9.2320408914707874E-01
  ],
  "partial charges": [
    -1.8559199670122595E-01,
    -2.5232776934074164E-01,
    -2.5170011529748187E-01,
     9.0022363058002125E-02,
     8.9662994151403469E-02,
     8.6840427609105861E-02,
     8.7296487424206134E-02,
     8.1443844304576435E-02,
     8.5730804679655451E-02,
     8.6718810627606974E-02,
     8.1904149484893010E-02
  ],
  "c6 coefficients": [
     2.7000500206811697E+01,
     2.7833028640323139E+01,
     2.7826631873151538E+01,
     7.0870643508489648E+00,
     7.0936496621602192E+00,
     7.1455894822934702E+00,
     7.1372240467849934E+00,
     7.2467693958826009E+00,
     7.1665178223792969E+00,
     7.1481989344062864E+00,
     7.2380922795473817E+00,
     2.7833028640323139E+01,
     2.8691254321631021E+01,
     2.8684661392898899E+01,
     7.3062064953795112E+00,
     7.3129954381062783E+00,
     7.3665413080341100E+00,
     7.3579172300308233E+00,
     7.4708500119723107E+00,
     7.3881169434992442E+00,
     7.3692316088893159E+00,
     7.4619045865770453E+00,
     2.7826631873151538E+01,
     2.8684661392898899E+01,
     2.8678070022112557E+01,
     7.3045520067837462E+00,
     7.3113394123226643E+00,
     7.3648731566599563E+00,
     7.3562510327175055E+00,
     7.4691582463948407E+00,
     7.3864439127332808E+00,
     7.3675628546836549E+00,
     7.4602148466793841E+00,
     7.0870643508489648E+00,
     7.3062064953795112E+00,
     7.3045520067837462E+00,
     1.8787648867394595E+00,
     1.8805107376247472E+00,
     1.8942797826858029E+00,
     1.8920628068035710E+00,
     1.9211062253980342E+00,
     1.8998316706868605E+00,
     1.8949753632078146E+00,
     1.9188059356159517E+00,
     7.0936496621602192E+00,
     7.3129954381062783E+00,
     7.3113394123226643E+00,
     1.8805107376247472E+00,
     1.8822582108506198E+00,
     1.8960400508593804E+00,
     1.8938210148465655E+00,
     1.9228914221916014E+00,
     1.9015970980026429E+00,
     1.8967362777775321E+00,
     1.9205889948546551E+00,
     7.1455894822934702E+00,
     7.3665413080341100E+00,
     7.3648731566599563E+00,
     1.8942797826858029E+00,
     1.8960400508593804E+00,
     1.9099228011013016E+00,
     1.9076875173673808E+00,
     1.9369707773737870E+00,
     1.9155205367611707E+00,
     1.9106241257514638E+00,
     1.9346514917307120E+00,
     7.1372240467849934E+00,
     7.3579172300308233E+00,
     7.3562510327175055E+00,
     1.8920628068035710E+00,
     1.8938210148465655E+00,
     1.9076875173673808E+00,
     1.9054548497345951E+00,
     1.9347038381336861E+00,
     1.9132787018710107E+00,
     1.9083880213897426E+00,
     1.9323872668730930E+00,
     7.2467693958826009E+00,
     7.4708500119723107E+00,
     7.4691582463948407E+00,
     1.9211062253980342E+00,
     1.9228914221916014E+00,
     1.9369707773737870E+00,
     1.9347038381336861E+00,
     1.9644018030995176E+00,
     1.9426477881044630E+00,
     1.9376820350176007E+00,
     1.9620496721572878E+00,
     7.1665178223792969E+00,
     7.3881169434992442E+00,
     7.3864439127332808E+00,
     1.8998316706868605E+00,
     1.9015970980026429E+00,
     1.9155205367611707E+00,
     1.9132787018710107E+00,
     1.9426477881044630E+00,
     1.9211346796121702E+00,
     1.9162239178549552E+00,
     1.9403217049349981E+00,
     7.1481989344062864E+00,
     7.3692316088893159E+00,
     7.3675628546836549E+00,
     1.8949753632078146E+00,
     1.8967362777775321E+00,
     1.9106241257514638E+00,
     1.9083880213897426E+00,
     1.9376820350176007E+00,
     1.9162239178549552E+00,
     1.9113257088777673E+00,
     1.9353618977302205E+00,
     7.2380922795473817E+00,
     7.4619045865770453E+00,
     7.4602148466793841E+00,
     1.9188059356159517E+00,
     1.9205889948546551E+00,
     1.9346514917307120E+00,
     1.9323872668730930E+00,
     1.9620496721572878E+00,
     1.9403217049349981E+00,
     1.9353618977302205E+00,
     1.9597003576042307E+00
  ],
  "polarizibilities": [
     7.4888438569663602E+00,
     7.7312223246986571E+00,
     7.7299010433098179E+00,
     2.1434908577202187E+00,
     2.1454842065611039E+00,
     2.1611920896071188E+00,
     2.1586730088552271E+00,
     2.1918568410428638E+00,
     2.1675839737463711E+00,
     2.1620432215977998E+00,
     2.1892323451606694E+00
  ]
}
