{
  "version":  "3.3.0",
  "coordination numbers": [
     2.7012311169131569E+00,
     8.6017530828636202E-01,
     2.7602158498541982E+00,
     8.5777185338091966E-01,
     2.9025428804743387E+00,
     9.2598637918248894E-01,
     2.8456650013450875E+00,
     9.2560554674856954E-01,
     2.6980733492378604E+00,
     8.5868246125620462E-01,
     2.6957137910800584E+00,
     8.5826579751076038E-01
  ],
  "partial charges": [
    -4.2904623264290009E-01,
     2.8899373852887034E-01,
     2.9953321433601476E-01,
    -3.4067700733684414E-01,
    -3.9986086962258582E-02,
     1.4263352812398905E-01,
     3.6886481552587336E-02,
     1.3857355510508562E-01,
    -4.3214440348651095E-01,
     2.6325967374010506E-01,
     4.1233343536168265E-01,
    -3.4035989631982289E-01
  ],
  "c6 coefficients": [
     2.9161636055414391E+01,
     4.6427662934477176E+00,
     2.5906325587837337E+01,
     2.4317163441329761E+01,
     2.9756257689704750E+01,
     6.4524178851936069E+00,
     2.8816791731613833E+01,
     6.5169763772022202E+00,
     2.9203747164380104E+01,
     4.9056801551693026E+00,
     2.4792174515593356E+01,
     2.4313531335890602E+01,
     4.6427662934477176E+00,
     7.4692699565087040E-01,
     4.1546468221699291E+00,
     3.8356325592019971E+00,
     4.7722035207106606E+00,
     1.0379448663239548E+00,
     4.6214880591319005E+00,
     1.0483303134650064E+00,
     4.6494706204263547E+00,
     7.8922736586572817E-01,
     3.9759261481343482E+00,
     3.8350577322721069E+00,
     2.5906325587837337E+01,
     4.1546468221699291E+00,
     2.3161645457768994E+01,
     2.1440931803037554E+01,
     2.6604897572910080E+01,
     5.7733889407620085E+00,
     2.5764494507594311E+01,
     5.8311561647134145E+00,
     2.5943735053664671E+01,
     4.3899348244782930E+00,
     2.2165110762688609E+01,
     2.1437724773642085E+01,
     2.4317163441329761E+01,
     3.8356325592019971E+00,
     2.1440931803037554E+01,
     2.0462661143175808E+01,
     2.4626096638704329E+01,
     5.3313634325843973E+00,
     2.3849016476863216E+01,
     5.3847026567637633E+00,
     2.4352280035367794E+01,
     4.0528229914480960E+00,
     2.0519226195521753E+01,
     2.0459612000315154E+01,
     2.9756257689704750E+01,
     4.7722035207106606E+00,
     2.6604897572910080E+01,
     2.4626096638704329E+01,
     3.0560048042000844E+01,
     6.6315531081429047E+00,
     2.9594701903493220E+01,
     6.6979069539544795E+00,
     2.9799226549448509E+01,
     5.0424654487239415E+00,
     2.5460209386976381E+01,
     2.4622413212805743E+01,
     6.4524178851936069E+00,
     1.0379448663239548E+00,
     5.7733889407620085E+00,
     5.3313634325843973E+00,
     6.6315531081429047E+00,
     1.4423522045131965E+00,
     6.4221180234070623E+00,
     1.4567840499799525E+00,
     6.4617354192596643E+00,
     1.0967262438304095E+00,
     5.5250369914922466E+00,
     5.3305644576588307E+00,
     2.8816791731613833E+01,
     4.6214880591319005E+00,
     2.5764494507594311E+01,
     2.3849016476863216E+01,
     2.9594701903493220E+01,
     6.4221180234070623E+00,
     2.8659852029985235E+01,
     6.4863762992286018E+00,
     2.8858403982723594E+01,
     4.8832145358903389E+00,
     2.4655967553092342E+01,
     2.3845449272447730E+01,
     6.5169763772022202E+00,
     1.0483303134650064E+00,
     5.8311561647134145E+00,
     5.3847026567637633E+00,
     6.6979069539544795E+00,
     1.4567840499799525E+00,
     6.4863762992286018E+00,
     1.4713602972329787E+00,
     6.5263871361464112E+00,
     1.1076998447497441E+00,
     5.5803192529304466E+00,
     5.3838956882149187E+00,
     2.9203747164380104E+01,
     4.6494706204263547E+00,
     2.5943735053664671E+01,
     2.4352280035367794E+01,
     2.9799226549448509E+01,
     6.4617354192596643E+00,
     2.8858403982723594E+01,
     6.5263871361464112E+00,
     2.9245919084327223E+01,
     4.9127641394581945E+00,
     2.4827975122298476E+01,
     2.4348642684851800E+01,
     4.9056801551693026E+00,
     7.8922736586572817E-01,
     4.3899348244782930E+00,
     4.0528229914480960E+00,
     5.0424654487239415E+00,
     1.0967262438304095E+00,
     4.8832145358903389E+00,
     1.1076998447497441E+00,
     4.9127641394581945E+00,
     8.3392331509224216E-01,
     4.2010926991248700E+00,
     4.0522156150490627E+00,
     2.4792174515593356E+01,
     3.9759261481343482E+00,
     2.2165110762688609E+01,
     2.0519226195521753E+01,
     2.5460209386976381E+01,
     5.5250369914922466E+00,
     2.4655967553092342E+01,
     5.5803192529304466E+00,
     2.4827975122298476E+01,
     4.2010926991248700E+00,
     2.1211454757155828E+01,
     2.0516157018606901E+01,
     2.4313531335890602E+01,
     3.8350577322721069E+00,
     2.1437724773642085E+01,
     2.0459612000315154E+01,
     2.4622413212805743E+01,
     5.3305644576588307E+00,
     2.3845449272447730E+01,
     5.3838956882149187E+00,
     2.4348642684851800E+01,
     4.0522156150490627E+00,
     2.0516157018606901E+01,
     2.0456563312679062E+01
  ],
  "polarizibilities": [
     8.0852625771556141E+00,
     1.3538260094931425E+00,
     7.8559850418799435E+00,
     6.0698201992220078E+00,
     9.0356227523301644E+00,
     1.8780642824937015E+00,
     8.7458851826663864E+00,
     1.8968688830524412E+00,
     8.0969202235531963E+00,
     1.4305748364728346E+00,
     7.5135446616505757E+00,
     6.0689230285561360E+00
  ]
}
