 {
  "rrijs": [ 
   25.2593899     ,
   25.2593899     ,
   28.9217377     ,
   25.2593899     ,
   28.9217377     ,
   28.9217377     ,
   16.3303013     ,
   18.6980228     ,
   18.6980228     ,
   18.6980228     ,
   16.3303013     ,
   18.6980228     ,
   18.6980228     ,
   18.6980228     ,
   12.0883503     ,
   16.3303013     ,
   18.6980228     ,
   18.6980228     ,
   18.6980228     ,
   12.0883503     ,
   12.0883503     ,
   16.3303013     ,
   18.6980228     ,
   18.6980228     ,
   18.6980228     ,
   12.0883503     ,
   12.0883503     ,
   12.0883503     ,
   16.3303013     ,
   18.6980228     ,
   18.6980228     ,
   18.6980228     ,
   12.0883503     ,
   12.0883503     ,
   12.0883503     ,
   12.0883503     ,
   16.3303013     ,
   18.6980228     ,
   18.6980228     ,
   18.6980228     ,
   12.0883503     ,
   12.0883503     ,
   12.0883503     ,
   12.0883503     ,
   12.0883503     ,
   16.3303013     ,
   18.6980228     ,
   18.6980228     ,
   18.6980228     ,
   12.0883503     ,
   12.0883503     ,
   12.0883503     ,
   12.0883503     ,
   12.0883503     ,
   12.0883503     ,
   16.3303013     ,
   18.6980228     ,
   18.6980228     ,
   18.6980228     ,
   12.0883503     ,
   12.0883503     ,
   12.0883503     ,
   12.0883503     ,
   12.0883503     ,
   12.0883503     ,
   12.0883503     ,
   16.3303013     ,
   18.6980228     ,
   18.6980228     ,
   18.6980228     ,
   12.0883503     ,
   12.0883503     ,
   12.0883503     ,
   12.0883503     ,
   12.0883503     ,
   12.0883503     ,
   12.0883503     ,
   12.0883503    
 ],
  "r2s": [   
   7.50810957     ,
   7.50780535     ,
   20.2151318     ,
   7.50822449     ,
   20.2205868     ,
   20.2167683     ,
   16.1763725     ,
   25.5801220     ,
   4.33845615     ,
   25.5824509     ,
   15.5431223     ,
   24.5128288     ,
   4.23350668     ,
   39.5239143     ,
   11.2658701     ,
   15.5430241     ,
   39.5222244     ,
   4.23357010     ,
   24.5134735     ,
   11.2651253     ,
   11.1419945     ,
   16.1769619     ,
   25.5866337     ,
   25.5822010     ,
   4.33842468     ,
   22.3231850     ,
   48.3492851     ,
   32.5747414     ,
   15.5436916     ,
   39.5273972     ,
   24.5181503     ,
   4.23324299     ,
   32.5829239     ,
   46.5476494     ,
   20.3482552     ,
   11.2668247     ,
   15.5438452     ,
   24.5217152     ,
   39.5237579     ,
   4.23337793     ,
   48.3485489     ,
   61.6029167     ,
   46.5429420     ,
   11.2653046     ,
   11.1386566     ,
   16.1768341     ,
   4.33844185     ,
   25.5800571     ,
   25.5869942     ,
   22.3202744     ,
   32.5746307     ,
   48.3458061     ,
   22.3284168     ,
   48.3549957     ,
   32.5853806     ,
   15.5436716     ,
   4.23347187     ,
   39.5222244     ,
   24.5200787     ,
   48.3453560     ,
   46.5428467     ,
   61.6020088     ,
   32.5820160     ,
   46.5493431     ,
   20.3545780     ,
   11.2647600     ,
   15.5435066     ,
   4.23326731     ,
   24.5158501     ,
   39.5274277     ,
   32.5798798     ,
   20.3469906     ,
   46.5459213     ,
   48.3551178     ,
   61.6044273     ,
   46.5506859     ,
   11.2670307     ,
   11.1395617    
 ],
  "t6s": [   
   3.1415689840196322E-005 ,
   3.1415740634841301E-005 ,
   2.2042439999179693E-005 ,
   3.1415670696117944E-005 ,
   2.2039190140464975E-005 ,
   2.2041464705948812E-005 ,
   4.2691479216335967E-005 ,
   2.5679955649398509E-005 ,
   4.4874497339809720E-005 ,
   2.5676941762205901E-005 ,
   4.3580643552870390E-005 ,
   2.7076824195300766E-005 ,
   4.4886147622366496E-005 ,
   1.1912620348036580E-005 ,
   6.4004745974886943E-005 ,
   4.3580778565750457E-005 ,
   1.1913742484535061E-005 ,
   4.4886140726088914E-005 ,
   2.7075974143140933E-005 ,
   6.4005908705007191E-005 ,
   6.4196426400228474E-005 ,
   4.2690636877701807E-005 ,
   2.5671526874002579E-005 ,
   2.5677264202548191E-005 ,
   4.4874500957512856E-005 ,
   3.9497323883889047E-005 ,
   7.8605324050841875E-006 ,
   2.0508830259652571E-005 ,
   4.3579860078242571E-005 ,
   1.1910303088040166E-005 ,
   2.7069792412961180E-005 ,
   4.4886176185966705E-005 ,
   2.0497879416806324E-005 ,
   8.6920236322763497E-006 ,
   4.4210219011799261E-005 ,
   6.4003256728787348E-005 ,
   4.3579648142472883E-005 ,
   2.7065081847549347E-005 ,
   1.1912722965939892E-005 ,
   4.4886161585948747E-005 ,
   7.8608514335004617E-006 ,
   4.0327119631836027E-006 ,
   8.6943360401819581E-006 ,
   6.4005628808942369E-005 ,
   6.4201547411212297E-005 ,
   4.2690819278717228E-005 ,
   4.4874498972015559E-005 ,
   2.5680039544686961E-005 ,
   2.5671059797895187E-005 ,
   3.9504110499887940E-005 ,
   2.0508977102973985E-005 ,
   7.8620400108610390E-006 ,
   3.9485122937714708E-005 ,
   7.8580584719392130E-006 ,
   2.0494591344324474E-005 ,
   4.3579887180730550E-005 ,
   4.4886151396525718E-005 ,
   1.1913743415245039E-005 ,
   2.7067245549529867E-005 ,
   7.8622351651727831E-006 ,
   8.6943816787629378E-006 ,
   4.0328804006687986E-006 ,
   2.0499091707447637E-005 ,
   8.6911919475046762E-006 ,
   4.4194868240973852E-005 ,
   6.4006478314028708E-005 ,
   4.3580113771906480E-005 ,
   4.4886173565750731E-005 ,
   2.7072832392518209E-005 ,
   1.1910282737480222E-005 ,
   2.0501951082726988E-005 ,
   4.4213292316342679E-005 ,
   8.6928716642252700E-006 ,
   7.8580050313519101E-006 ,
   4.0324326969958725E-006 ,
   8.6905332567491130E-006 ,
   6.4002935029697957E-005 ,
   6.4200158649040752E-005
 ],
  "t8s": [   
   1.0059030783059040E-006 ,
   1.0059035996171186E-006 ,
   7.1192938559765998E-007 ,
   1.0059028818222716E-006 ,
   7.1183799507500274E-007 ,
   7.1190196195872995E-007 ,
   1.7174034828364859E-006 ,
   9.5039146372598907E-007 ,
   1.6015682707778104E-006 ,
   9.5025066742413270E-007 ,
   1.7477457590717196E-006 ,
   1.0151366261452570E-006 ,
   1.6016530658977458E-006 ,
   3.2633729172224357E-007 ,
   2.7795035977862681E-006 ,
   1.7477502591475602E-006 ,
   3.2638167016391396E-007 ,
   1.6016530163334124E-006 ,
   1.0150975749861174E-006 ,
   2.7795365341324200E-006 ,
   2.7848980746297747E-006 ,
   1.7173740807661018E-006 ,
   9.4999769591328152E-007 ,
   9.5026573069676329E-007 ,
   1.6015682974339338E-006 ,
   1.6892028174203956E-006 ,
   1.7216768380972300E-007 ,
   6.8044326852564220E-007 ,
   1.7477196446486501E-006 ,
   3.2624565407953265E-007 ,
   1.0148135738329843E-006 ,
   1.6016532711795317E-006 ,
   6.7991976265738201E-007 ,
   1.9848414726988685E-007 ,
   1.9413461981615754E-006 ,
   2.7794614085179784E-006 ,
   1.7477125803095593E-006 ,
   1.0145971442179490E-006 ,
   3.2634134999684562E-007 ,
   1.6016531662532842E-006 ,
   1.7217755027205923E-007 ,
   6.7819226108444139E-008 ,
   1.9855898782931855E-007 ,
   2.7795286058284106E-006 ,
   2.7850412198696057E-006 ,
   1.7173804476293823E-006 ,
   1.6015682828043279E-006 ,
   9.5039538290638912E-007 ,
   9.4997587453252533E-007 ,
   1.6895722783174505E-006 ,
   6.8045028916414225E-007 ,
   1.7221431050349771E-007 ,
   1.6885385684101299E-006 ,
   1.7209117958358949E-007 ,
   6.7976259859041510E-007 ,
   1.7477205480351754E-006 ,
   1.6016530930227380E-006 ,
   3.2638170697254071E-007 ,
   1.0146965585363965E-006 ,
   1.7222034645978910E-007 ,
   1.9856046500267513E-007 ,
   6.7823138963199462E-008 ,
   6.7997771063328628E-007 ,
   1.9845723219123959E-007 ,
   1.9405430505950156E-006 ,
   2.7795526683480804E-006 ,
   1.7477281007735246E-006 ,
   1.6016532523490219E-006 ,
   1.0149532397430693E-006 ,
   3.2624484933690259E-007 ,
   6.8011439550335470E-007 ,
   1.9415069753509325E-006 ,
   1.9851159258228372E-007 ,
   1.7208952709925429E-007 ,
   6.7812738816043402E-008 ,
   1.9843591639507420E-007 ,
   2.7794522944555375E-006 ,
   2.7850024054864321E-006
 ],