 {
  "rrijs": [ 
   28.9217377     ,
   28.9217377     ,
   28.9217377     ,
   18.6980228     ,
   18.6980228     ,
   18.6980228     ,
   18.6980228     ,
   18.6980228     ,
   18.6980228     ,
   12.0883503     ,
   18.6980228     ,
   18.6980228     ,
   18.6980228     ,
   12.0883503     ,
   12.0883503     ,
   18.6980228     ,
   18.6980228     ,
   18.6980228     ,
   12.0883503     ,
   12.0883503     ,
   12.0883503     ,
   18.6980228     ,
   18.6980228     ,
   18.6980228     ,
   12.0883503     ,
   12.0883503     ,
   12.0883503     ,
   12.0883503     ,
   18.6980228     ,
   18.6980228     ,
   18.6980228     ,
   12.0883503     ,
   12.0883503     ,
   12.0883503     ,
   12.0883503     ,
   12.0883503     ,
   18.6980228     ,
   18.6980228     ,
   18.6980228     ,
   12.0883503     ,
   12.0883503     ,
   12.0883503     ,
   12.0883503     ,
   12.0883503     ,
   12.0883503     ,
   18.6980228     ,
   18.6980228     ,
   18.6980228     ,
   12.0883503     ,
   12.0883503     ,
   12.0883503     ,
   12.0883503     ,
   12.0883503     ,
   12.0883503     ,
   12.0883503    
 ],
  "r2s": [   
   8.17531681     ,
   7.47999859     ,
   19.7035103     ,
   4.25394869     ,
   16.6798611     ,
   15.8899174     ,
   4.18613434     ,
   16.5433464     ,
   15.5112562     ,
   11.0591097     ,
   16.0548534     ,
   4.24060011     ,
   23.1250515     ,
   33.0411568     ,
   21.6224403     ,
   13.3468580     ,
   36.5399475     ,
   4.24304628     ,
   20.8817234     ,
   15.7767715     ,
   40.4044762     ,
   14.4720755     ,
   18.8360386     ,
   4.27081156     ,
   30.8484612     ,
   21.9117146     ,
   14.4760437     ,
   12.3257837     ,
   17.9802952     ,
   4.32097149     ,
   26.0352459     ,
   24.4208031     ,
   34.7984390     ,
   10.8529701     ,
   49.2401237     ,
   24.9700661     ,
   16.7264500     ,
   4.32099867     ,
   39.5182266     ,
   23.1361160     ,
   21.9787922     ,
   10.9162683     ,
   58.1235428     ,
   39.5603905     ,
   11.3579731     ,
   16.4316597     ,
   29.3778858     ,
   4.32102299     ,
   20.0495319     ,
   32.1780052     ,
   37.6044044     ,
   11.1636667     ,
   12.2496901     ,
   28.3375168     ,
   53.3468170    
 ],
  "t6s": [   
   2.6558669606528681E-005 ,
   2.6649189597065754E-005 ,
   2.2343599710893510E-005 ,
   4.4883922534744780E-005 ,
   3.7253178481552817E-005 ,
   3.8146463917409307E-005 ,
   4.4891222806022067E-005 ,
   3.7410680131061397E-005 ,
   3.8558369878396133E-005 ,
   6.4322947768142232E-005 ,
   3.7963652025511845E-005 ,
   4.4885377910037839E-005 ,
   2.8927442067869950E-005 ,
   1.9894320151370434E-005 ,
   4.1146985266108340E-005 ,
   4.0682979501435562E-005 ,
   1.4086557218605327E-005 ,
   4.4885111885366784E-005 ,
   4.2919600234185997E-005 ,
   5.5184835027132752E-005 ,
   1.2475801866190338E-005 ,
   3.9629450946490127E-005 ,
   3.4619241358577386E-005 ,
   4.4882071077927393E-005 ,
   2.2961993702150329E-005 ,
   4.0462400674291509E-005 ,
   5.8046665902656271E-005 ,
   6.2241026505837350E-005 ,
   3.5694423931289637E-005 ,
   4.4876477615037548E-005 ,
   2.5093921403679502E-005 ,
   3.4772993594955754E-005 ,
   1.7751742410554901E-005 ,
   6.4631559702571235E-005 ,
   7.4860895774141872E-006 ,
   3.3598853864076578E-005 ,
   3.7199142204104653E-005 ,
   4.4876474512623166E-005 ,
   1.1916402818943395E-005 ,
   3.7624713218544944E-005 ,
   4.0304353121549924E-005 ,
   6.4537717093911129E-005 ,
   4.7493429687040220E-006 ,
   1.3139402624633631E-005 ,
   6.3860231811546197E-005 ,
   3.7538590870355579E-005 ,
   2.1027134614079741E-005 ,
   4.4876471789897624E-005 ,
   4.4936619640881829E-005 ,
   2.1047378199762476E-005 ,
   1.4843392285287502E-005 ,
   6.4163114465550254E-005 ,
   6.2374840649196870E-005 ,
   2.7064021411068363E-005 ,
   6.0236333367669460E-006
 ],
  "t8s": [   
   8.0508514038764539E-007 ,
   8.0595239444740322E-007 ,
   7.2027486506703027E-007 ,
   1.6016370347556509E-006 ,
   1.4256410117725381E-006 ,
   1.4539434685764276E-006 ,
   1.6016893349500020E-006 ,
   1.4307467001856562E-006 ,
   1.4664441847267003E-006 ,
   2.7884196895515066E-006 ,
   1.4482823899851621E-006 ,
   1.6016475292167506E-006 ,
   1.0988883624374653E-006 ,
   6.5124688508453298E-007 ,
   1.7785617248398724E-006 ,
   1.5249316654016780E-006 ,
   4.1550561086367709E-007 ,
   1.6016456134641389E-006 ,
   1.8733458837837007E-006 ,
   2.4653477817397824E-006 ,
   3.3235894459154502E-007 ,
   1.4972318210726362E-006 ,
   1.3334859432735410E-006 ,
   1.6016236359368789E-006 ,
   8.0047204852073069E-007 ,
   1.7415954807852056E-006 ,
   2.5801026751460252E-006 ,
   2.7266603354405963E-006 ,
   1.3725879045844921E-006 ,
   1.6015828321118276E-006 ,
   9.2294116886871480E-007 ,
   1.4299366507478721E-006 ,
   5.5247931886016719E-007 ,
   2.7968773775396420E-006 ,
   1.6071217196594240E-007 ,
   1.3653269244991677E-006 ,
   1.4238781835073806E-006 ,
   1.6015828093460433E-006 ,
   3.2648688876272050E-007 ,
   1.5868171056052401E-006 ,
   1.7330365561170718E-006 ,
   2.7943255772095678E-006 ,
   8.5056494145835670E-008 ,
   3.5804185125220373E-007 ,
   2.7753898383025465E-006 ,
   1.4348572684118001E-006 ,
   7.3051001344166017E-007 ,
   1.6015827893663271E-006 ,
   1.9791838726171948E-006 ,
   7.0632911060863801E-007 ,
   4.2674456117813605E-007 ,
   2.7839656776595010E-006 ,
   2.7308652827191577E-006 ,
   1.0116331641593409E-006 ,
   1.1844529108983305E-007
 ],
  "edisps": [
   6.4204946369082259E-005 ,
   6.4336019693321859E-005 ,
   5.6024095791554326E-005 ,
   9.3302903306047958E-005 ,
   8.0351635396497221E-005 ,
   8.2100530487994099E-005 ,
   9.3311784660960096E-005 ,
   8.0663486766781799E-005 ,
   8.2890344752655935E-005 ,
   1.1882100270604640E-004 ,
   8.1746578912443441E-005 ,
   9.3304675938684080E-005 ,
   6.2147861761015872E-005 ,
   3.2622564990003161E-005 ,
   7.5907948600995365E-005 ,
   8.6783085444540033E-005 ,
   2.6647679212045159E-005 ,
   9.3304351999025522E-005 ,
   7.9533065299970860E-005 ,
   1.0336863582073027E-004 ,
   1.8971565789148139E-005 ,
   8.4892164770886130E-005 ,
   7.4931764636371721E-005 ,
   9.3300646790447336E-005 ,
   3.8606758312012931E-005 ,
   7.4500880085080559E-005 ,
   1.0847328491643809E-004 ,
   1.1553203048011587E-004 ,
   7.7189035954380758E-005 ,
   9.3293819789884674E-005 ,
   5.2995293399186623E-005 ,
   6.2720280885383118E-005 ,
   2.8549632119955155E-005 ,
   1.1929491527522281E-004 ,
   1.0627116306571504E-005 ,
   6.0283381311063296E-005 ,
   8.0244307177103672E-005 ,
   9.3293815999239413E-005 ,
   2.1786405850870344E-005 ,
   6.8638138536736461E-005 ,
   7.4175553285057392E-005 ,
   1.1915119920056330E-004 ,
   6.4117231004161332E-006 ,
   2.0137124148666459E-005 ,
   1.1810362582022964E-004 ,
   8.0915663815846442E-005 ,
   4.3111133376928264E-005 ,
   9.3293812672508419E-005 ,
   8.3618627168756664E-005 ,
   3.4852173374043398E-005 ,
   2.3183868658583559E-005 ,
   1.1857411830935472E-004 ,
   1.1574802789332416E-004 ,
   4.6835808263652630E-005 ,
   8.3385782516724960E-006
 ],
  "energy": [
  -4.2214185886573540E-003 ,
  -3.8481235537502199E-003 ,
  -3.8348310494291803E-003 ,
  -1.3858350387200191E-003 ,
  -1.4206998054627476E-003 ,
  -1.3519529577744550E-003 ,
  -1.1900118568196980E-003 ,
  -1.4155907655341348E-003 ,
  -1.2499413830254166E-003 ,
  -1.1245352672752361E-003 ,
  -1.2067887905416999E-003
 ],