 {
  "rrijs": [ 
   15.6188822     ,
   15.6188822     ,
   12.0883503    
 ],
  "r2s": [   
   3.30670404     ,
   3.30648637     ,
   8.27166080    
 ],
  "t6s": [   
   5.4485097551523667E-005 ,
   5.4485118733638180E-005 ,
   6.7751002391432466E-005
 ],
  "t8s": [   
   2.0704813455828700E-006 ,
   2.0704814804406851E-006 ,
   2.8706828275350207E-006
 ],
  "edisps": [
   1.0677009760143335E-004 ,
   1.0677012218905591E-004 ,
   1.2385684292559709E-004
 ],
  "energy": [
  -4.4668992199286617E-004 ,
  -2.6860502669495364E-004 ,
  -2.6860026042301591E-004
 ],
  "des": [   
  -2.2334734413240195E-004 ,
  -2.2334257786046425E-004 ,
  -4.5257682562551683E-005
 ]
 }
