 {
  "rrijs": [ 
   24.1589813     ,
   24.1589813     ,
   20.1805439     ,
   28.9217377     ,
   24.1589813     ,
   24.1589813     ,
   18.6980228     ,
   15.6188822     ,
   15.6188822     ,
   18.6980228     ,
   18.6980228     ,
   15.6188822     ,
   15.6188822     ,
   18.6980228     ,
   12.0883503     ,
   18.6980228     ,
   15.6188822     ,
   15.6188822     ,
   18.6980228     ,
   12.0883503     ,
   12.0883503     ,
   18.6980228     ,
   15.6188822     ,
   15.6188822     ,
   18.6980228     ,
   12.0883503     ,
   12.0883503     ,
   12.0883503     ,
   28.9217377     ,
   24.1589813     ,
   24.1589813     ,
   28.9217377     ,
   18.6980228     ,
   18.6980228     ,
   18.6980228     ,
   18.6980228     ,
   24.1589813     ,
   20.1805439     ,
   20.1805439     ,
   24.1589813     ,
   15.6188822     ,
   15.6188822     ,
   15.6188822     ,
   15.6188822     ,
   24.1589813     ,
   24.1589813     ,
   20.1805439     ,
   20.1805439     ,
   24.1589813     ,
   15.6188822     ,
   15.6188822     ,
   15.6188822     ,
   15.6188822     ,
   24.1589813     ,
   20.1805439     ,
   28.9217377     ,
   24.1589813     ,
   24.1589813     ,
   28.9217377     ,
   18.6980228     ,
   18.6980228     ,
   18.6980228     ,
   18.6980228     ,
   28.9217377     ,
   24.1589813     ,
   24.1589813     ,
   18.6980228     ,
   15.6188822     ,
   15.6188822     ,
   18.6980228     ,
   12.0883503     ,
   12.0883503     ,
   12.0883503     ,
   12.0883503     ,
   18.6980228     ,
   15.6188822     ,
   15.6188822     ,
   18.6980228     ,
   18.6980228     ,
   15.6188822     ,
   15.6188822     ,
   18.6980228     ,
   12.0883503     ,
   12.0883503     ,
   12.0883503     ,
   12.0883503     ,
   18.6980228     ,
   15.6188822     ,
   15.6188822     ,
   18.6980228     ,
   12.0883503     ,
   18.6980228     ,
   15.6188822     ,
   15.6188822     ,
   18.6980228     ,
   12.0883503     ,
   12.0883503     ,
   12.0883503     ,
   12.0883503     ,
   18.6980228     ,
   15.6188822     ,
   15.6188822     ,
   18.6980228     ,
   12.0883503     ,
   12.0883503     ,
   18.6980228     ,
   15.6188822     ,
   15.6188822     ,
   18.6980228     ,
   12.0883503     ,
   12.0883503     ,
   12.0883503     ,
   12.0883503     ,
   18.6980228     ,
   15.6188822     ,
   15.6188822     ,
   18.6980228     ,
   12.0883503     ,
   12.0883503     ,
   12.0883503    
 ],
  "r2s": [   
   5.35591602     ,
   6.25510263     ,
   18.0882072     ,
   8.00720596     ,
   20.5610294     ,
   19.7107563     ,
   12.8272734     ,
   19.4139214     ,
   3.53109574     ,
   36.8946800     ,
   16.1375942     ,
   23.0216827     ,
   38.0659180     ,
   4.18927431     ,
   57.3870773     ,
   16.0988407     ,
   34.4195747     ,
   24.3212261     ,
   4.22162199     ,
   44.3390999     ,
   11.3431482     ,
   16.0757427     ,
   34.1097908     ,
   24.5974293     ,
   4.22340107     ,
   44.5555687     ,
   11.3277006     ,
   10.9822617     ,
   40.3072777     ,
   30.1787548     ,
   33.5555000     ,
   84.2318878     ,
   16.3693924     ,
   101.858376     ,
   100.686554     ,
   100.554138     ,
   30.1774597     ,
   30.7611580     ,
   16.9486885     ,
   66.9034119     ,
   5.00954151     ,
   90.1994934     ,
   77.5907440     ,
   77.7454529     ,
   5.35630417     ,
   33.5556831     ,
   16.9494400     ,
   39.3149872     ,
   72.0315704     ,
   25.1701069     ,
   79.4324951     ,
   91.9644165     ,
   91.5393066     ,
   6.25598383     ,
   18.0898113     ,
   84.2320633     ,
   66.9052734     ,
   72.0322189     ,
   144.171112     ,
   44.2342834     ,
   165.738708     ,
   164.510101     ,
   164.324173     ,
   8.00725269     ,
   20.5625782     ,
   19.7115879     ,
   16.3688030     ,
   5.00953293     ,
   25.1690063     ,
   44.2324295     ,
   18.0866661     ,
   49.4963150     ,
   61.3325272     ,
   60.9641762     ,
   12.8284740     ,
   19.4148273     ,
   3.53144503     ,
   36.8964043     ,
   101.855377     ,
   90.1997681     ,
   79.4297562     ,
   165.734940     ,
   49.4952888     ,
   195.679825     ,
   183.042862     ,
   183.073029     ,
   16.1364155     ,
   23.0206966     ,
   38.0672646     ,
   4.18892479     ,
   57.3884392     ,
   100.608444     ,
   77.6757278     ,
   91.7189484     ,
   164.417114     ,
   61.1231117     ,
   182.963043     ,
   182.350937     ,
   193.014236     ,
   16.0846653     ,
   34.2459106     ,
   24.4750652     ,
   4.22195339     ,
   44.4595528     ,
   11.3336983     ,
   100.627815     ,
   77.6586761     ,
   91.7831192     ,
   164.410858     ,
   61.1755219     ,
   183.153656     ,
   193.192368     ,
   181.895584     ,
   16.0879116     ,
   34.2860069     ,
   24.4401283     ,
   4.22218561     ,
   44.4333916     ,
   11.3359241     ,
   10.9813747    
 ],