Molecule,XYZ,CCSD(T)/CBS
C3A,"87
canonical CCSD(T)/CBS = -16.34 kcal/mol
C   -2.230   -0.152    2.591
C   -0.950   -0.739    2.643
C    0.131    0.153    2.667
C   -1.196    1.917    2.639
C    0.791   -1.962    2.624
N   -2.328    1.192    2.594
N    0.075    1.492    2.674
N   -0.520   -2.058    2.616
N    1.248   -0.659    2.668
N   -3.378   -0.885    2.563
H   -1.335    2.995    2.632
H    1.478   -2.796    2.584
H    2.209   -0.350    2.597
H   -4.215   -0.388    2.285
H   -3.310   -1.855    2.283
C    6.220   -1.272   -0.103
C    6.356    0.086   -0.067
C    5.220    0.956   -0.165
C    3.923    0.366   -0.304
C    3.782   -1.049   -0.351
C    4.934   -1.892   -0.240
C    2.493   -1.631   -0.480
C    4.770   -3.283   -0.265
C    3.506   -3.877   -0.385
C    2.348   -3.043   -0.500
C    3.325   -5.299   -0.390
C    2.082   -5.857   -0.476
C    0.902   -5.047   -0.564
C    1.053   -3.625   -0.579
C   -0.094   -2.794   -0.668
C    0.051   -1.376   -0.669
C    1.342   -0.795   -0.596
C    2.777    1.198   -0.411
C    1.483    0.616   -0.539
C    0.335    1.447   -0.612
C   -0.954    0.866   -0.706
C   -1.098   -0.545   -0.714
C   -1.388   -3.374   -0.698
C   -2.540   -2.541   -0.725
C   -2.397   -1.129   -0.764
C   -0.384   -5.600   -0.613
C   -1.531   -4.796   -0.667
C   -3.848   -3.122   -0.735
C   -4.970   -2.283   -0.758
C   -4.850   -0.887   -0.776
C   -3.547   -0.297   -0.768
C   -2.110    1.699   -0.715
C   -3.403    1.117   -0.763
C   -2.853   -5.350   -0.684
C   -3.959   -4.551   -0.713
C   -4.561    1.957   -0.756
C   -5.853    1.338   -0.775
C   -5.992   -0.020   -0.782
C   -4.398    3.348   -0.723
C   -3.131    3.942   -0.678
C   -1.967    3.110   -0.676
C   -0.674    3.692   -0.579
C    0.478    2.863   -0.555
C    1.768    3.443   -0.435
C    2.916    2.610   -0.345
C    4.218    3.190   -0.215
C    5.337    2.351   -0.126
C    4.325    4.619   -0.169
C    1.904    4.865   -0.368
C    3.221    5.418   -0.243
C   -0.527    5.114   -0.521
C    0.756    5.667   -0.421
C   -2.953    5.364   -0.625
C   -1.710    5.923   -0.552
H    7.095   -1.912   -0.024
H    7.340    0.535    0.037
H    5.648   -3.920   -0.181
H    4.205   -5.932   -0.315
H    1.965   -6.939   -0.470
H   -0.497   -6.682   -0.594
H   -5.963   -2.729   -0.763
H   -2.959   -6.432   -0.666
H   -4.953   -4.992   -0.720
H   -6.732    1.979   -0.778
H   -6.982   -0.470   -0.790
H   -5.281    3.984   -0.719
H    6.324    2.797   -0.023
H    5.314    5.059   -0.070
H    3.324    6.500   -0.201
H    0.865    6.749   -0.375
H   -3.838    5.995   -0.639
H   -1.596    7.004   -0.509
",-16.34
2b,"86
canonical CCSD(T)/CBS = -22.03 kcal/mol
C -0.145756 3.43916 -0.495405
C -1.30842 3.20245 -1.22949
C -2.47541 2.96227 -0.503117
C -2.47038 2.93075 0.903027
C -1.30594 3.14061 1.63699
C -0.151268 3.4196 0.909824
C -3.90791 2.61714 -0.937079
C -4.10962 1.15384 -0.527366
C -4.08574 1.12624 0.879607
C -3.89174 2.57182 1.34081
C -4.18412 -0.0199031 -1.27598
C -4.21824 -1.21942 -0.566442
C -4.17822 -1.24493 0.83911
C -4.10811 -0.0728554 1.58962
C -4.69034 3.30712 0.221834
C 1.27924 3.81284 -0.918405
C 1.25585 3.79997 1.36161
C 2.2042 2.68275 0.93044
C 2.23065 2.69269 -0.475293
C 3.01902 1.83431 1.67564
C 3.9169 1.04572 0.960413
C 3.96353 1.06477 -0.443983
C 3.09914 1.86741 -1.19074
C 1.59082 4.83009 0.231015
C 5.11313 0.131787 -0.852423
C 4.70386 -1.28496 -0.447965
C 4.63389 -1.29723 0.959104
C 5.0262 0.102341 1.42786
C 4.40595 -2.42187 -1.18215
C 4.00589 -3.57838 -0.491999
C 3.91295 -3.58154 0.899386
C 4.2313 -2.43299 1.64356
C 6.08984 0.433349 0.33092
C -4.13065 -2.71773 1.24962
C -2.76913 -3.22513 0.768132
C -2.80609 -3.20055 -0.638118
C -4.19132 -2.67756 -1.03024
C -1.62388 -3.61071 1.44566
C -0.504746 -3.99615 0.690928
C -0.540872 -3.9724 -0.702361
C -1.69696 -3.56239 -1.38544
C -5.02719 -3.31826 0.121875
H -1.30758 3.22229 -2.31701
H -1.30235 3.11182 2.72382
H -4.17844 2.87528 -1.96169
H -4.14594 2.78715 2.37918
H -4.20056 -0.00316428 -2.36368
H -4.05583 -0.0933126 2.67543
H -4.54718 4.39165 0.24291
H -5.75453 3.05189 0.223441
H 1.3972 4.15754 -1.94646
H 1.35127 4.1305 2.39658
H 2.99185 1.82647 2.76231
H 3.13618 1.88647 -2.27751
H 0.916027 5.69208 0.228982
H 2.63762 5.14978 0.243762
H 5.491 0.252459 -1.86834
H 5.32395 0.193922 2.47284
H 4.47879 -2.42847 -2.26721
H 3.76598 -4.47987 -1.04862
H 3.5969 -4.48424 1.4145
H 4.15782 -2.44225 2.72769
H 6.41203 1.47841 0.357671
H 6.94972 -0.243899 0.353694
H -4.39144 -2.93973 2.28484
H -4.50645 -2.86514 -2.05731
H -1.58084 -3.61048 2.53132
H 0.406205 -4.29994 1.19887
H 0.341488 -4.26107 -1.26615
H -1.71239 -3.53386 -2.47195
H -6.05559 -2.94565 0.155463
H -5.00693 -4.41211 0.102004
C 0.240085 -0.540721 -2.34572
C 1.33111 -1.0807 -1.64821
C 1.32308 -1.1078 -0.264195
C 0.223315 -0.588188 0.435843
C -0.876266 -0.0654581 -0.258265
C -0.864739 -0.039584 -1.6429
C 0.25199 -0.503417 -3.77291
C 0.220122 -0.59569 1.864
H 2.17969 -1.47527 -2.1923
H 2.16001 -1.52841 0.277746
H -1.72715 0.323748 0.286113
H -1.7091 0.368343 -2.18251
N 0.260307 -0.469667 -4.93564
N 0.219288 -0.595852 3.02656
",-22.03
Da1,"86
canonical CCSD(T)/CBS = -19.20 kcal/mol
 C 0.69486804632864 0.94865356691502 2.08126431149099
 C -0.33585659414291 0.00148764694498 1.71833064603245
 C -0.07332195013894 -1.41785544733462 1.76867650640508
 C 1.22845914845183 -1.87523307206526 2.19151063407219
 C 2.23639481554986 -0.90149538897509 2.53646814358559
 C 2.00994627470352 0.45984168560050 2.48988492166599
 C -1.08860908676688 -2.37462142484867 1.41028981853452
 C -2.40684135670969 -1.88283612678732 0.98124860830029
 C -2.66665688034437 -0.47349297659803 0.91798607108713
 C -1.62260659678125 0.48811974105364 1.30642929813245
 N -3.86510078241654 0.03301529909468 0.50668530389306
 C -4.85623856682518 -0.79191530102565 0.14516685488249
 C -4.69949511368132 -2.20868563021835 0.19563278953029
 C -3.47933830369030 -2.74169168103251 0.60920741830270
 C 1.48979942976597 -3.26847268874825 2.25593121247686
 C 0.49691856834327 -4.19496513942253 1.90297028234512 
 C -0.77396145180431 -3.75475793282153 1.48253700903743
 C 0.39316429764731 2.33357410564052 2.02661149597283
 C -0.87683380342320 2.80996366828237 1.64076699336296
 C -1.87237269966417 1.87854213302679 1.27926373016266
 C -6.15927472777660 -0.16876699430458 -0.33495375744361
 C -1.17226443589903 4.30670406746794 1.65962450826910
 C -1.49757166115069 4.84062257016911 3.08131694055298
 C 3.11270113374202 1.43816705802758 2.85505416695981
 H 3.22887722364796 -1.27718483960242 2.84183965014060
 H -5.53184394613756 -2.87169748108185 -0.09779928100592
 H -3.35281303698314 -3.83546269968734 0.63896168090799
 H 2.48695811201549 -3.61387759564769 2.57869923992728
 H 0.70989490616676 -5.27705913278423 1.95006733851282
 H -1.52829337564881 -4.50880783958653 1.20866359932581
 H 1.17294852773309 3.06665112666131 2.28840236841335
 H -2.87126488512968 2.21464173093584 0.96071627271113
 H -6.11682882965555 0.93375234707043 -0.22374497670112
 H -7.03262503289573 -0.55657135031333 0.23770671267260
 H -6.34611880997609 -0.40876709578486 -1.40794655500026
 H -2.02975689855982 4.52497199413506 0.98350790719210
 H -0.29729246494052 4.86278897555330 1.24847139174649
 H -1.70488764666554 5.93447053365027 3.06475749971728
 H -0.64963333513589 4.66422372543479 3.78032817285149
 H 3.34880836554183 2.12007243154534 2.00728443151645
 H 4.04724062994753 0.90406107099975 3.12688594300615
 H 2.82625353970878 2.08415102042360 3.71701322274099
 H -2.38949303899614 4.32782481276413 3.50524008852246
 C -0.02492809795834 2.01222234625719 -1.70688688934540
 C 0.45520760583730 0.65433133486969 -1.58250014032170
 C -0.41365849821833 -0.45927318567227 -1.88670437095651
 C -1.76727802424173 -0.19643531845161 -2.30922842173086
 C -2.21993271849601 1.17027069510776 -2.40185958515597 
 C -1.40465456605264 2.25030361212986 -2.12475357249937
 C 0.05274883542241 -1.81767786788010 -1.78111557283555
 C 1.43142381103052 -2.06109441055261 -1.32870008672125
 C 2.29199232219053 -0.95797361425926 -1.00881045172951
 C 1.80674443214933 0.42468911510833 -1.15587348884640
 N 3.56748686186246 -1.12997993804421 -0.56176164716793
 C 4.06532861530249 -2.36464114082389 -0.40394453277758
 C 3.29433598334215 -3.52094588901375 -0.71800114048404
 C 1.98572030359124 -3.36180499280248 -1.17533219393004
 C -2.62202416363815 -1.28382489577437 -2.62752244109014
 C -2.15805963645723 -2.60341616873136 -2.52885720165619
 C -0.83941514535215 -2.86785349184721 -2.10892180106187
 C 0.86490292275882 3.07737682722275 -1.40881619024961
 C 2.19394128636305 2.85083682608586 -0.99570248541086
 C 2.65120007121551 1.52103607445654 -0.87526351284205
 C 5.47519680683224 -2.48713862736763 0.15576450711754
 C 3.13584739136185 4.02248217384859 -0.73316948718197
 C 3.93585645885997 4.44496530619877 -1.99578977444159
 C -1.93242522472000 3.66832284984948 -2.26173920026556
 H -3.26618794950617 1.34366016718848 -2.70931158721604
 H 3.72464549095208 -4.52904643573466 -0.58972298109298
 H 1.38372309621334 -4.25471069591013 -1.40396270735922
 H -3.65752555042724 -1.07789383071163 -2.94817949823924
 H -2.83053402767456 -3.44384133829397 -2.77198274934221
 H -0.51113467478301 -3.91567011671891 -2.03103262789864
 H 0.51091021637202 4.11768347787787 -1.49364865976260
 H 3.68106319520217 1.30380833192840 -0.55082108748271
 H 6.02763439097966 -3.34332968158222 -0.29028744122961
 H 5.44460651401857 -2.65550112177885 1.25889175613344
 H 6.04159448156685 -1.54976823734251 -0.02254355768977
 H 3.85079117094655 3.75226731094593 0.07823057212748
 H 2.55186898085062 4.89496920167644 -0.35805466497373 
 H 4.61681771561448 5.29820329814949 -1.77689925324358
 H 3.25131381608375 4.75363699461684 -2.81727102950986
 H -2.99656908387322 3.66980041683825 -2.57865645825873
 H -1.35370000431543 4.25306929500565 -3.01387340558806
 H -1.86504669951031 4.22982445135209 -1.30305225835152
 H 4.55337158095054 3.60149941985313 -2.37725929424704 
",-19.2
C3GC,"101
canonical CCSD(T)/CBS = -28.09 kcal/mol
C   -2.997    2.282   -1.321
C   -5.086    2.109   -0.090
C   -4.420    2.181    1.091
C   -2.988    2.283    1.033
C    1.169    2.375    1.018
C    1.174    2.413   -1.463
C    3.126    2.365   -0.406
C    2.588    2.374    0.888
C    4.698    2.287    1.157
N   -4.403    2.166   -1.266
N   -2.330    2.342   -0.140
N   -2.257    2.321    2.153
N    0.537    2.401   -0.242
N    2.498    2.388   -1.597
N    3.587    2.326    1.849
N    4.487    2.320   -0.214
N    0.396    2.471   -2.566
O   -2.454    2.311   -2.436
O    0.482    2.340    2.059
H   -4.871    2.039   -2.156
H   -6.160    1.987   -0.158
H   -4.950    2.118    2.032
H   -2.709    2.171    3.044
H   -1.212    2.331    2.112
H   -0.509    2.390   -0.222
H    5.695    2.224    1.569
H    5.179    2.214   -0.945
H    0.870    2.330   -3.447
H   -0.630    2.383   -2.529
C    6.163   -0.981    1.035
C    5.791   -0.981    2.349
C    4.412   -0.949    2.736
C    3.418   -0.942    1.709
C    3.804   -0.954    0.341
C    5.189   -0.947   -0.017
C    2.814   -0.909   -0.675
C    5.546   -0.893   -1.371
C    4.583   -0.834   -2.389
C    3.196   -0.853   -2.040
C    4.935   -0.753   -3.777
C    3.981   -0.696   -4.751
C    2.583   -0.728   -4.433
C    2.203   -0.818   -3.057
C    0.827   -0.850   -2.709
C    0.443   -0.917   -1.339
C    1.432   -0.912   -0.324
C    2.043   -0.932    2.061
C    1.049   -0.929    1.042
C   -0.325   -0.947    1.391
C   -1.315   -0.973    0.377
C   -0.932   -0.939   -0.988
C   -0.166   -0.827   -3.723
C   -1.543   -0.881   -3.373
C   -1.926   -0.956   -2.009
C    1.588   -0.684   -5.418
C    0.224   -0.738   -5.096
C   -2.546   -0.865   -4.392
C   -3.896   -0.936   -4.026
C   -4.295   -1.017   -2.686
C   -3.301   -1.010   -1.657
C   -2.696   -1.031    0.728
C   -3.685   -1.075   -0.289
C   -0.804   -0.716   -6.096
C   -2.125   -0.780   -5.760
C   -5.069   -1.143    0.070
C   -6.042   -1.163   -0.982
C   -5.673   -1.095   -2.297
C   -5.426   -1.160    1.425
C   -4.466   -1.086    2.444
C   -3.079   -1.024    2.095
C   -2.086   -0.965    3.112
C   -0.711   -0.919    2.762
C    0.281   -0.885    3.776
C    1.658   -0.887    3.425
C    2.660   -0.869    4.444
C    4.012   -0.908    4.077
C    2.238   -0.816    5.813
C   -0.111   -0.841    5.151
C    0.916   -0.799    6.151
C   -2.469   -0.919    4.490
C   -1.475   -0.850    5.476
C   -4.820   -1.045    3.833
C   -3.867   -0.958    4.808
H    7.216   -0.999    0.763
H    6.547   -0.997    3.131
H    6.601   -0.890   -1.641
H    5.989   -0.737   -4.041
H    4.270   -0.630   -5.798
H    1.881   -0.616   -6.464
H   -4.656   -0.933   -4.805
H   -0.507   -0.650   -7.140
H   -2.888   -0.765   -6.535
H   -7.094   -1.230   -0.712
H   -6.430   -1.112   -3.078
H   -6.480   -1.210    1.693
H    4.771   -0.897    4.856
H    3.002   -0.788    6.587
H    0.618   -0.758    7.196
H   -1.769   -0.815    6.523
H   -5.873   -1.087    4.099
H   -4.158   -0.926    5.856
",-28.09
2a,"92
canonical CCSD(T)/CBS = -34.15 kcal/mol
C -0.144956 3.27465 -0.631433
C -1.3036 3.05772 -1.37824
C -2.48399 2.856 -0.662715
C -2.49717 2.82548 0.742857
C -1.32996 2.99323 1.4882
C -0.157622 3.242 0.773277
C -3.92845 2.61765 -1.11888
C -4.23882 1.17442 -0.715348
C -4.25313 1.14508 0.691795
C -3.95026 2.56969 1.16119
C -4.34602 0.00957863 -1.47349
C -4.45383 -1.18699 -0.765815
C -4.46973 -1.21599 0.640013
C -4.37687 -0.0498705 1.39878
C -4.67247 3.36573 0.0303717
C 1.26488 3.70065 -1.04697
C 1.24481 3.64631 1.23324
C 2.24449 2.58016 0.77859
C 2.25699 2.61391 -0.626393
C 3.129 1.77546 1.4977
C 4.058 1.04335 0.757234
C 4.0708 1.07757 -0.647357
C 3.15461 1.84485 -1.36783
C 1.54104 4.71035 0.12038
C 5.22804 0.180989 -1.09861
C 4.84791 -1.24632 -0.699519
C 4.83429 -1.28096 0.708636
C 5.20672 0.124642 1.1849
C 4.52448 -2.37025 -1.44444
C 4.18089 -3.5458 -0.755673
C 4.16684 -3.58001 0.63849
C 4.49643 -2.43992 1.39084
C 6.22992 0.490001 0.0608929
C -4.40151 -2.68962 1.04828
C -2.9982 -3.12914 0.61869
C -2.98152 -3.10006 -0.788422
C -4.37469 -2.64263 -1.23261
C -1.85173 -3.42884 1.33766
C -0.674652 -3.72059 0.626961
C -0.658035 -3.69181 -0.765609
C -1.81794 -3.37034 -1.49152
C -5.22652 -3.31832 -0.115468
H -1.29804 3.0913 -2.46506
H -1.34427 2.97793 2.57537
H -4.15945 2.89316 -2.14791
H -4.20057 2.80221 2.19629
H -4.29572 0.0301384 -2.55913
H -4.34927 -0.0743018 2.48511
H -4.44784 4.43628 0.0549276
H -5.7529 3.19226 0.0164583
H 1.36832 4.0675 -2.06892
H 1.3305 3.96383 2.27319
H 3.13292 1.75974 2.58482
H 3.17792 1.88214 -2.45416
H 0.835088 5.54666 0.134187
H 2.57566 5.06721 0.137959
H 5.56939 0.318553 -2.12449
H 5.52902 0.210975 2.22248
H 4.52615 -2.34567 -2.53072
H 3.92763 -4.44062 -1.31756
H 3.90275 -4.50118 1.15054
H 4.47685 -2.46884 2.47689
H 6.53271 1.54096 0.0897446
H 7.10292 -0.170004 0.052685
H -4.69164 -2.92552 2.07229
H -4.64037 -2.83628 -2.27202
H -1.85516 -3.43955 2.42477
H 0.235481 -3.96304 1.16865
H 0.264995 -3.91188 -1.29481
H -1.79526 -3.33603 -2.57793
H -6.26843 -2.98496 -0.120913
H -5.16504 -4.41055 -0.137193
C 0.239321 -0.447581 -1.41575
C 1.41734 -0.814101 -0.680882
C 1.40268 -0.84375 0.674305
C 0.208809 -0.510436 1.39941
C -0.985926 -0.208328 0.663194
C -0.971053 -0.17798 -0.692573
C 0.270837 -0.358367 -2.80773
C 1.46795 -0.590987 -3.53403
N 2.46487 -0.775335 -4.10746
C -0.888129 -0.00941652 -3.54867
N -1.85146 0.279961 -4.13587
C 0.210801 -0.484643 2.79431
C 1.39285 -0.750179 3.53381
N 2.37847 -0.961306 4.11742
C -0.964405 -0.172232 3.5259
N -1.94089 0.0877713 4.10507
H 2.31861 -1.07674 -1.2197
H 2.29227 -1.12989 1.2204
H -1.90127 0.00218481 1.20005
H -1.87449 0.0569473 -1.23938
",-34.15
GGG,"48
canonical CCSD(T)/CBS = -2.21 kcal/mol
N       6.392   8.215  35.830
C       7.166   7.124  35.519
N       6.952   6.084  36.266
C       5.944   6.488  37.137
C       5.338   5.822  38.204
O       5.492   4.688  38.607
N       4.395   6.661  38.871
C       4.080   7.958  38.559
N       3.196   8.624  39.322
N       4.632   8.592  37.526
C       5.581   7.803  36.882
H       6.360   9.115  35.370
H       3.905   6.201  39.663
H       7.894   7.170  34.719
H       2.998   9.576  39.055
H       2.769   8.213  40.159
N       6.665   8.853  40.553
C       7.635   8.238  39.879
N       7.807   6.982  40.232
C       6.865   6.766  41.223
C       6.571   5.612  41.963
O       7.103   4.485  41.897
N       5.522   5.859  42.882
C       4.907   7.088  43.075
N       4.067   7.176  44.053
N       5.151   8.148  42.354
C       6.159   7.913  41.451
H       6.292   9.782  40.410
H       5.265   5.069  43.495
H       8.202   8.733  39.102
H       3.862   6.413  44.701
H       3.576   8.051  44.161
N       6.807   8.076  45.803
C       7.701   8.119  44.791
N       8.170   6.960  44.522
C       7.597   6.103  45.431
C       7.781   4.665  45.638
O       8.506   3.870  44.936
N       7.042   4.200  46.733
C       6.203   5.003  47.484
N       5.593   4.383  48.504
N       6.020   6.303  47.246
C       6.754   6.770  46.226
H       6.271   8.839  46.195
H       7.067   3.177  46.909
H       7.925   9.033  44.257
H       5.654   3.371  48.664
H       4.916   4.925  49.020
",-2.21
CBH,"112
canonical CCSD(T)/CBS = -11.06 kcal/mol
C      20.737  13.092   2.121
C      20.064  11.721   1.997
C      18.539  11.784   2.146
C      17.856  10.417   2.022
C      16.330  10.486   2.157
C      15.644   9.122   2.026
C      14.117   9.196   2.146
C      13.427   7.835   2.005
C      11.900   7.916   2.116
C      11.204   6.557   1.972
C       9.678   6.644   2.084
C       8.976   5.288   1.945
C       7.451   5.379   2.067
C       6.746   4.024   1.939
C       5.222   4.116   2.078
C       4.516   2.760   1.964
C       2.993   2.850   2.120
C       2.297   1.489   2.014
H       1.211   1.588   2.119
H      20.542  13.536   3.104
H      21.822  13.016   1.994
H      20.357  13.784   1.361
H      20.311  11.278   1.023
H      20.472  11.042   2.758
H      18.289  12.227   3.120
H      18.130  12.463   1.384
H      18.113   9.971   1.051
H      18.257   9.741   2.789
H      16.073  10.929   3.130
H      15.930  11.167   1.393
H      15.909   8.675   1.057
H      16.035   8.443   2.797
H      13.852   9.638   3.117
H      13.728   9.880   1.379
H      13.696   7.390   1.037
H      13.810   7.152   2.777
H      11.631   8.358   3.086
H      11.518   8.601   1.347
H      11.472   6.113   1.004
H      11.585   5.872   2.743
H       9.412   7.089   3.053
H       9.297   7.330   1.314
H       9.237   4.841   0.975
H       9.359   4.602   2.714
H       7.194   5.829   3.037
H       7.066   6.063   1.298
H       6.995   3.575   0.968
H       7.137   3.340   2.706
H       4.976   4.570   3.049
H       4.828   4.796   1.311
H       4.754   2.307   0.991
H       4.917   2.079   2.728
H       2.758   3.307   3.091
H       2.593   3.527   1.354
H       2.500   1.019   1.045
H       2.651   0.807   2.796
C       4.969   4.711  -2.053
C       4.286   3.344  -2.177
C       2.761   3.407  -2.028
C       2.088   2.036  -2.152
C       6.494   4.642  -2.189
C       7.181   6.007  -2.057
C       8.707   5.932  -2.177
C       9.398   7.293  -2.036
C      10.925   7.212  -2.147
C      11.620   8.571  -2.003
C      13.147   8.484  -2.115
C      13.848   9.841  -1.976
C      15.373   9.749  -2.098
C      16.078  11.105  -1.970
C      17.602  11.012  -2.110
C      18.308  12.368  -1.995
C      19.831  12.278  -2.151
C      20.527  13.639  -2.046
H      21.613  13.541  -2.151
H      20.173  14.321  -2.828
H      20.066  11.821  -3.122
H      20.231  11.601  -1.385
H      18.070  12.822  -1.023
H      17.907  13.049  -2.760
H      17.848  10.558  -3.080
H      17.996  10.332  -1.342
H      15.829  11.554  -0.999
H      15.687  11.788  -2.737
H      15.630   9.299  -3.068
H      15.759   9.066  -1.329
H      13.588  10.287  -1.006
H      13.465  10.526  -2.745
H      13.412   8.039  -3.084
H      13.527   7.799  -1.345
H      11.352   9.016  -1.035
H      11.240   9.256  -2.774
H      11.194   6.770  -3.117
H      11.307   6.527  -1.378
H       9.128   7.738  -1.069
H       9.015   7.976  -2.808
H       8.972   5.490  -3.149
H       9.096   5.248  -1.410
H       6.916   6.453  -1.089
H       6.789   6.685  -2.828
H       6.751   4.200  -3.162
H       6.894   3.961  -1.425
H       4.712   5.157  -1.082
H       4.536   2.901  -3.152
H       4.694   2.665  -1.416
H       2.514   3.850  -1.054
H       2.353   4.086  -2.789
H       1.003   2.112  -2.026
H       2.283   1.592  -3.136
H       2.468   1.344  -1.393
H       4.567   5.387  -2.821
H      20.324  14.109  -1.076
",-11.06
C2C2PD,"72
canonical CCSD(T)/CBS = -20.65 kcal/mol
C   -1.48753197971382   -1.23154341226572   -1.72900013164781
C   -0.06546813853317   -1.23154341226572   -1.72900013164781
C    0.64556378205716    0.00000000000000   -1.72900013164781
C   -0.06546813853317    1.23154341226572   -1.72900013164781
C   -1.48753197971382    1.23154341226572   -1.72900013164781
C   -2.19856390030415    0.00000000000000   -1.72900013164781
C    0.64229206354356   -2.45742004183783   -1.72900013164781
C   -0.09337784303896   -3.67082275092130   -1.72900013164781
C   -1.45962227520803   -3.67082275092130   -1.72900013164781
C   -2.19529218179055   -2.45742004183783   -1.72900013164781
C   -3.61408430445760    0.00000000000000   -1.72900013164781
C   -4.29708692225348   -1.24381018244192   -1.72900013164781
C   -3.61396470616894   -2.42701256847938   -1.72900013164781
C   -4.29708692225348    1.24381018244192   -1.72900013164781
C   -3.61396470616894    2.42701256847938   -1.72900013164781
C   -2.19529218179055    2.45742004183783   -1.72900013164781
C   -1.45962227520803    3.67082275092130   -1.72900013164781
C   -0.09337784303896    3.67082275092130   -1.72900013164781
C    0.64229206354356    2.45742004183783   -1.72900013164781
C    2.06096458792196    2.42701256847938   -1.72900013164781
C    2.74408680400649    1.24381018244192   -1.72900013164781
C    2.06108418621062    0.00000000000000   -1.72900013164781
C    2.74408680400649   -1.24381018244192   -1.72900013164781
C    2.06096458792196   -2.42701256847938   -1.72900013164781
H    0.44958046534805   -4.60741684241786   -1.72900013164781
H   -2.00258058359503   -4.60741684241786   -1.72900013164781
H   -4.15359982824587   -3.36552530248663   -1.72900013164781
H   -5.37968035271741   -1.24189153993123   -1.72900013164781
H   -5.37968035271741    1.24189153993123   -1.72900013164781
H   -4.15359982824587    3.36552530248663   -1.72900013164781
H   -2.00258058359503    4.60741684241786   -1.72900013164781
H    0.44958046534805    4.60741684241786   -1.72900013164781
H    2.60059970999888    3.36552530248663   -1.72900013164781
H    3.82668023447042    1.24189153993123   -1.72900013164781
H    3.82668023447042   -1.24189153993123   -1.72900013164781
H    2.60059970999888   -3.36552530248663   -1.72900013164781
C    0.06546813853317   -1.23154341226572    1.72900013164781
C    1.48753197971382   -1.23154341226572    1.72900013164781
C    2.19856390030415    0.00000000000000    1.72900013164781
C    1.48753197971382    1.23154341226572    1.72900013164781
C    0.06546813853317    1.23154341226572    1.72900013164781
C   -0.64556378205716    0.00000000000000    1.72900013164781
C    2.19529218179055   -2.45742004183783    1.72900013164781
C    1.45962227520803   -3.67082275092130    1.72900013164781
C    0.09337784303896   -3.67082275092130    1.72900013164781
C   -0.64229206354356   -2.45742004183783    1.72900013164781
C   -2.06108418621062    0.00000000000000    1.72900013164781
C   -2.74408680400649   -1.24381018244192    1.72900013164781
C   -2.06096458792196   -2.42701256847938    1.72900013164781
C   -2.74408680400649    1.24381018244192    1.72900013164781
C   -2.06096458792196    2.42701256847938    1.72900013164781
C   -0.64229206354356    2.45742004183783    1.72900013164781
C    0.09337784303896    3.67082275092130    1.72900013164781
C    1.45962227520803    3.67082275092130    1.72900013164781
C    2.19529218179055    2.45742004183783    1.72900013164781
C    3.61396470616894    2.42701256847938    1.72900013164781
C    4.29708692225348    1.24381018244192    1.72900013164781
C    3.61408430445760    0.00000000000000    1.72900013164781
C    4.29708692225348   -1.24381018244192    1.72900013164781
C    3.61396470616894   -2.42701256847938    1.72900013164781
H    2.00258058359503   -4.60741684241786    1.72900013164781
H   -0.44958046534805   -4.60741684241786    1.72900013164781
H   -2.60059970999888   -3.36552530248663    1.72900013164781
H   -3.82668023447042   -1.24189153993123    1.72900013164781
H   -3.82668023447042    1.24189153993123    1.72900013164781
H   -2.60059970999888    3.36552530248663    1.72900013164781
H   -0.44958046534805    4.60741684241786    1.72900013164781
H    2.00258058359503    4.60741684241786    1.72900013164781
H    4.15359982824587    3.36552530248663    1.72900013164781
H    5.37968035271741    1.24189153993123    1.72900013164781
H    5.37968035271741   -1.24189153993123    1.72900013164781
H    4.15359982824587   -3.36552530248663    1.72900013164781
",-20.65
Da2,"88
canonical CCSD(T)/CBS = -20.20 kcal/mol
 C 13.48324366730374 12.21526769256249 22.82324884054274
 C 13.17487714621204 10.85878161834153 23.22404628368714
 C 13.26677535283347 9.78289593960554 22.26435663902586
 C 13.67525555975903 10.08019584701932 20.91315566810697
 C 14.00681067721154 11.43791497715312 20.55959083684640
 C 13.91904776855479 12.48503703163293 21.45527888262836
 C 12.94672885462860 8.42868656073983 22.63310026401965
 C 12.57754594801576 8.13713483597684 24.02908029856305
 C 12.48783854984292 9.20175698707865 24.98915467438758
 C 12.75745806273911 10.59416835090733 24.57682280176583
 C 12.15358165338057 8.87571796218949 26.33816980826761
 C 11.91211100806023 7.56263358601535 26.76894348071287 
 C 11.99870724547729 6.52040516364955 25.80390613698839
 C 12.31909362102111 6.80685581125329 24.47564216019942
 C 13.74520604967432 9.03448651761915 19.95563326925334
 C 13.41352882888593 7.72134884128905 20.31742606249338
 C 13.01759908200060 7.42316657064760 21.63691495550099
 C 13.33547733764429 13.26058435724496 23.77122835878080
 C 12.88716411566541 13.01524633577347 25.08271441726521
 C 12.61603385029897 11.68475779622801 25.46821559264936
 C 11.56806168056560 7.24738317085598 28.21697334510149
 C 12.72435910511491 14.16274357272820 26.07726964470278
 C 14.02804140323400 14.50569446218586 26.84714499508474
 C 14.25131696505844 13.90198718924835 21.02080292280313
 H 14.34235121152929 11.63218063707316 19.52614685407343
 H 11.81263924142607 5.47478169014180 26.10784053637607
 H 12.37942392567258 5.97070808036890 23.76264710397255
 H 14.06347725358250 9.27104692794780 18.92653165942152
 H 13.46049515550522 6.91213339476288 19.56791964778895
 H 12.76376991806930 6.38110942676794 21.88292803083733
 H 13.56184788002182 14.29710755612554 23.47521015333729
 H 12.27016074274367 11.51076644033859 26.49912242059442
 H 12.31402325102849 6.55391422908743 28.67006628415058
 H 11.53410139203137 8.16416699212094 28.84379749733834
 H 10.57669349397007 6.74429609020255 28.29789905545062
 H 11.92325107566513 13.90782691051882 26.80913076022659
 H 12.37253251264341 15.07151147293137 25.53604039408458
 H 14.39134078486821 13.62975637391237 27.42889537760633
 H 14.83895591424005 14.80090344239972 26.14570014488072
 H 15.02411064981552 14.36338564481708 21.67252417986235
 H 13.35355516535660 14.56241422333900 21.06068162231297
 H 14.63814192156058 13.91711782998953 19.98043506989150
 H 13.86561589209891 15.34651585884995 27.55853835108984
 H 12.08435183298805 9.67936517476280 27.08760100763032 
 C 16.30576066853757 9.90100080606988 24.33875982039647
 C 16.71079394644297 10.44890021840738 23.06168631593058
 C 17.03380652695444 11.85222844444123 22.94517593110019
 C 16.95870861874645 12.68996670203071 24.11766490124305
 C 16.53976231260850 12.11014296942770 25.36974173108378
 C 16.21433716552390 10.77561866955329 25.50506795395979
 C 17.44220400033053 12.41913061427617 21.68604480808639
 C 17.45104089686257 11.56242558461708 20.48743023293925
 C 17.14369086233970 10.16419600353756 20.59972275976844
 C 16.80194933745584 9.58443880160288 21.91344018748288
 C 17.13745766887748 9.37098226682461 19.41464829672418
 C 17.40932098276748 9.89766928683554 18.14351280133305
 C 17.70651155318133 11.28622502525641 18.04813690074560
 C 17.72754526928118 12.08859714644084 19.19045998302352
 C 17.30983195781383 14.06298969111333 24.02163335876335
 C 17.73667627785508 14.60121436986461 22.79874878044555
 C 17.80189901553829 13.79000438896716 21.64751370674701
 C 16.01731739734231 8.51534118632789 24.43063044447685
 C 16.13856371673882 7.65947936477368 23.32036545169946
 C 16.53131000983136 8.20625679279325 22.08034639099856
 C 17.38477239483875 9.02596466498964 16.89666634194867
 C 15.89396431221624 6.16166957872964 23.46325287041730
 C 17.17521225793567 5.37790551711279 23.85862989323233
 C 15.78927861107398 10.21808038020374 26.85285016086760
 H 16.48886741323470 12.77270999997396 26.25035432606879
 H 17.91855027915039 11.73475461685047 17.06100833613060
 H 17.95182681585530 13.15972948360380 19.07118393430257
 H 17.25484566429213 14.69601461532509 24.92447358417501
 H 18.02221480655709 15.66539845196477 22.73180353132059
 H 18.13917599080690 14.24708129833835 20.70487974926903
 H 15.68863737086105 8.08960449801571 25.39152484552282
 H 16.60635085979129 7.52286430472765 21.22142683690781 
 H 18.38136041799216 9.00293893925043 16.39750882078030
 H 17.10006403050817 7.97759902756593 17.13036853082124
 H 16.66161609475700 9.41470974475311 16.14273421681929
 H 15.49457296280806 5.75997796569713 22.50405151005421
 H 15.10461002314662 5.98922472084253 24.22938480822074
 H 17.97757573977504 5.50904788304714 23.09845597187817
 H 17.57885455315054 5.73694614317020 24.83161162634453
 H 16.50091836045413 9.44298357381982 27.22121338096738
 H 14.78995458059371 9.73301537027354 26.79961932348358
 H 15.73839633633660 11.02124793615100 27.61793792254727
 H 16.96866645779177 4.28791094150354 23.95428597435912
 H 16.89052273304359 8.30095243652477 19.48356625630944 
",-20.2
S8-1,"84
canonical CCSD(T)/CBS = -36.54 kcal/mol
C -3.6642303 -2.4521942 -3.7502499
C -3.2048814 -2.9458462 -2.5515376
C -3.2184958 -2.1403428 -1.3781824
C -3.7367305 -0.7959762 -1.4636097
C -4.2119949 -0.3265451 -2.7196384
C -4.1707919 -1.1295120 -3.8355132
C -2.7007073 -2.5921677 -0.1560789
C -2.6396816 -1.7677535 0.9709244
C -3.1566178 -0.4164600 0.8856001
C -3.7066696 0.0208951 -0.3226450
C -3.0334026 0.4589315 2.0158294
C -2.3972706 0.0108306 3.1341404
C -1.8730245 -1.3275795 3.2099057
C -2.0071110 -2.2053058 2.1788869
C -1.9627382 0.7084218 4.4240144
C -0.4488475 0.8308025 4.2511352
C 0.0729472 -0.4733931 4.2941694
C -1.1114762 -1.4122626 4.5272063
C 1.3984608 -0.7503087 3.9578135
C 2.2097517 0.3525103 3.6977003
C 1.6949544 1.6615575 3.6515598
C 0.3441920 1.9175156 3.8871498
C 2.8062512 2.5444748 3.0730918
C 2.9239747 2.0567023 1.6276475
C 3.4656574 0.7255828 1.7051266
C 3.6483741 0.4242151 3.1876240
C 4.0455785 1.8398405 3.6981545
C -2.0108326 -0.4965381 5.4087888
C 2.5329377 2.5940703 0.4385109
C 2.6392633 1.8023123 -0.7538902
C 3.1916494 0.4651130 -0.6729982
C 3.6196303 -0.0453761 0.5948258
C 2.1655693 2.2647062 -1.9845859
C 2.1732543 1.4578254 -3.1328778
C 2.7187625 0.1241565 -3.0500382
C 3.2286093 -0.3263174 -1.8242186
C 1.6124163 1.8905522 -4.3668063
C 1.5785029 1.0550270 -5.4583235
C 2.1177902 -0.2552368 -5.3772665
C 2.6774927 -0.7066239 -4.2052015
O 1.8849868 -2.0466814 3.8808749
O -0.2417919 3.1577788 3.7574157
H 2.7213595 3.6246267 3.2120976
H 4.2885184 -0.4193293 3.4391905
H 4.0571468 1.9058893 4.7893309
H 4.9905544 2.1933857 3.2745450
H -3.0206192 -0.8974770 5.5403134
H -1.5552600 -0.2645532 6.3753233
H -2.4982145 1.6184013 4.6895387
H -0.8679457 -2.4102215 4.8874825
H 4.0106285 -1.0578350 0.6507991
H 2.1085049 3.5931310 0.3664674
H -3.4149644 1.4743379 1.9391471
H -1.5993234 -3.2116366 2.2257355
H 1.7424038 3.2652524 -2.0469122
H 3.6318607 -1.3349995 -1.7580980
H 1.1896166 2.8900986 -4.4267888
H 1.1264657 1.3936020 -6.3855120
H 2.0842813 -0.9028322 -6.2487680
H 3.0839710 -1.7126697 -4.1382944
H -2.3000625 -3.6021312 -0.0930108
H -4.0879239 1.0377021 -0.3925049
H -2.8090956 -3.9562284 -2.4853447
H -4.5912088 0.6898571 -2.7881972
H -4.5172635 -0.7472126 -4.7907600
H -3.6393889 -3.0746101 -4.6402031
H 0.4403310 3.7956982 3.4936781
H 1.7084769 -2.3684570 2.9709703
C -0.0395379 -1.6488245 -2.3066129
C 0.0948196 -1.0670552 -1.0199381
C -0.3418297 0.2433535 -0.8043393
C -0.9061153 0.9729622 -1.8509311
C -1.0445110 0.3930941 -3.1376947
C -0.6065226 -0.9180987 -3.3503571
H -0.2408083 0.6916694 0.1760905
H -0.7069082 -1.3679119 -4.3286152
C -1.6211406 1.1344404 -4.2094319
C -1.3343928 2.3095009 -1.6055645
C 0.6700750 -1.7825286 0.0694730
C 0.4038709 -2.9815185 -2.5387935
N -1.6717357 3.3992827 -1.3845204
N -2.0899483 1.7358828 -5.0867513
N 0.7671745 -4.0693264 -2.7274835
N 1.1309503 -2.3181126 0.9908103
",-36.54
PHE,"87
canonical CCSD(T)/CBS = -25.16 kcal/mol
C -4.127537870 -8.273546616 -15.224887136
C -4.997304450 -7.682799946 -16.150262527
C -6.056402264 -8.450503677 -16.653266567
C -6.260254843 -9.759694482 -16.217693057
C -5.400847271 -10.326977789 -15.275882040
C -4.326628864 -9.582890398 -14.788045541
C -4.820615254 -6.240143279 -16.558152750
C -5.697086197 -5.258939283 -15.718866483
C -5.414711924 -3.817755978 -16.179678449
C -7.938789449 -6.041588342 -14.998099846
C -9.397267991 -6.178133644 -15.394150452
N -4.474219687 -3.160080652 -15.461405584
N -7.120764002 -5.492756063 -15.925399814
O -7.534295820 -6.441357584 -13.892726757
O -5.989625473 -3.354133634 -17.169426636
H -9.632640471 -7.243384178 -15.485983197
H -4.267605824 -2.202196817 -15.716411994
H -10.022254473 -5.766657655 -14.596809115
H -9.640526476 -5.679898688 -16.336960351
H -7.504469920 -5.059241640 -16.761218364
H -5.482755729 -5.389187723 -14.656555583
H -5.074893654 -6.099081866 -17.615076988
H -3.776712027 -5.936398286 -16.426166674
H -6.727090374 -8.012859807 -17.388868559
H -3.288316243 -7.699107680 -14.838954122
H -7.089663302 -10.338585455 -16.615526949
H -3.650657115 -10.017818292 -14.057445226
H -5.563780769 -11.342466123 -14.927065818
H -4.170184223 -3.512149209 -14.551470796
C -3.969850386 -4.923723910 -11.758047329
C -4.851107287 -6.024974816 -11.146589571
C -7.159686296 -5.649345992 -10.366777546
C -4.456497901 -7.385828090 -11.789262126
C -5.180605864 -8.557111083 -11.171393686
C -6.442162668 -8.946221846 -11.643416091
C -7.132821335 -9.992329767 -11.029697220
C -6.572851125 -10.666029156 -9.942815918
C -5.309206800 -10.298035658 -9.478794674
C -4.619418735 -9.253655394 -10.093285587
C -8.609739631 -5.527168453 -10.792593387
N -6.261056218 -5.743957576 -11.375104077
N -2.982200662 -4.469610011 -10.962843381
O -4.139587446 -4.532793239 -12.924494908
O -6.836362423 -5.645193767 -9.164766975
H -2.336484998 -3.787524812 -11.341477259
H -2.854914493 -4.784766717 -9.994773547
H -9.199942089 -6.249715616 -10.222306398
H -8.969420538 -4.524949176 -10.536114483
H -8.746691973 -5.704229226 -11.861656559
H -6.615231397 -5.861317161 -12.329945162
H -4.707387725 -6.061011626 -10.065901451
H -4.678428355 -7.324390513 -12.858504595
H -3.372768728 -7.507197641 -11.678320358
H -6.878366440 -8.426736911 -12.492100956
H -3.635739284 -8.967934092 -9.727743629
H -8.111024354 -10.283061421 -11.403870442
H -4.867631028 -10.814272769 -8.631675439
H -7.115798861 -11.472677154 -9.458593909
C -3.166799506 -5.116686917 -7.134487632
C -4.301975639 -5.956928869 -6.502813034
C -5.942866851 -4.271725404 -5.766063081
C -4.394793939 -7.358398473 -7.127438517
C -5.394350490 -8.255824473 -6.432851009
C -5.024113116 -9.002965833 -5.307342651
C -5.943663858 -9.832047950 -4.664863467
C -7.251822837 -9.925928981 -5.143321308
C -7.630286837 -9.186550945 -6.264839373
C -6.708502419 -8.359150188 -6.905829511
C -7.324477235 -3.687296941 -5.987530761
N -2.761063416 -4.089719010 -6.351989108
N -5.565672980 -5.231403777 -6.648939152
O -2.683773511 -5.362826157 -8.250422142
O -5.211744520 -3.909626578 -4.825979136
H -7.975252844 -4.021613945 -5.172458932
H -2.120934328 -3.406650255 -6.739460896
H -7.266046317 -2.596548997 -5.941346795
H -7.761899951 -3.997788673 -6.939896067
H -6.111309009 -5.396826705 -7.500547496
H -4.110490575 -6.038844320 -5.427480601
H -4.657155389 -7.265590976 -8.183670064
H -3.395714460 -7.804539309 -7.083215825
H -7.002167441 -7.795140975 -7.786922432
H -4.003662981 -8.938422182 -4.933935209
H -8.644798681 -9.259768245 -6.647536096
H -5.638533887 -10.408023036 -3.795132765
H -7.968854889 -10.574256761 -4.647101692
H -3.347788782 -3.835839580 -5.549569859
",-25.16
3b,"113
canonical CCSD(T)/CBS = -32.99 kcal/mol
N -4.36955 -1.46566 0.352005
H -4.35291 -2.24787 -0.351434
N -4.38563 1.30414 -0.642747
H -4.43854 2.07748 0.0692913
O 1.116 -4.47401 -0.681985
O 5.37116 -4.79781 -1.17337
O 5.59823 -3.40911 0.898866
H 5.79368 -3.97578 0.0731575
O 1.76568 -1.84103 3.1536
H 0.765949 -1.76219 2.98744
O -0.732873 -1.66038 2.4551
O -3.45916 -3.33549 -1.09365
O 0.943811 4.39846 0.813528
O 5.15594 4.70418 1.60245
O 5.53209 3.54775 -0.580252
H 5.66233 4.02943 0.311349
O 1.86856 2.05201 -3.1473
H 0.874689 1.89463 -3.01254
O -0.634567 1.66004 -2.51769
O -3.62612 3.17034 0.88991
C 2.08339 -3.90317 0.162837
C 3.4685 -4.02928 -0.025295
C 4.26044 -3.36312 0.978014
C 3.70221 -2.61972 2.03127
C 2.30271 -2.55122 2.14788
C 1.49528 -3.20958 1.20162
C 0.00946238 -3.49573 1.155
C -0.985853 -2.38097 1.46354
C -2.2009 -2.34355 0.695133
C -2.37827 -3.26322 -0.445386
C -1.24034 -4.02972 -0.944233
H -1.33096 -4.46878 -1.93083
C -0.106865 -4.03701 -0.230712
C 4.12087 -4.71601 -1.12924
C 3.32084 -5.31716 -2.25736
H 4.01538 -5.74687 -2.9803
H 2.70509 -4.54792 -2.73485
H 2.6385 -6.08832 -1.88708
C 4.59495 -1.90673 3.00867
H 4.04509 -1.10944 3.51259
H 5.46735 -1.49113 2.49634
H 4.97261 -2.59446 3.77554
C -0.331012 -4.63768 2.17792
H -0.147121 -4.26827 3.18972
H 0.310161 -5.50142 1.98532
H -1.37976 -4.93186 2.07903
C -3.21304 -1.37964 1.00531
C -2.99953 -0.288839 2.01068
H -3.81529 0.432319 2.00573
H -2.0606 0.228278 1.80389
H -2.88788 -0.717545 3.01036
C -5.54437 -0.609383 0.403016
H -5.55287 -0.0462766 1.34072
C -6.80146 -1.49051 0.329848
H -6.7972 -2.17977 1.18077
H -6.74838 -2.10381 -0.58026
C -8.07961 -0.645977 0.310526
H -8.953 -1.30271 0.236097
H -8.17159 -0.0996536 1.25919
C 1.96903 3.90579 -0.00957622
C 3.33848 4.05052 0.26272
C 4.20143 3.48569 -0.746064
C 3.72294 2.83129 -1.8927
C 2.33428 2.70616 -2.07015
C 1.45832 3.25538 -1.1144
C -0.0371626 3.48448 -1.1269
C -0.971161 2.34465 -1.52363
C -2.22493 2.24728 -0.828128
C -2.50075 3.13634 0.319844
C -1.41505 3.90641 0.916441
H -1.57119 4.298 1.91445
C -0.242009 3.96077 0.273264
C 3.91055 4.66454 1.45156
C 3.03715 5.24984 2.53154
H 3.68229 5.66199 3.30855
H 2.3861 4.47705 2.95213
H 2.38735 6.03176 2.12652
C 4.68384 2.26058 -2.89953
H 4.20996 1.45503 -3.46363
H 5.58324 1.88605 -2.40532
H 5.00338 3.02818 -3.61543
C -0.374747 4.65346 -2.11925
H -0.129955 4.33518 -3.1356
H 0.22177 5.53228 -1.86196
H -1.43769 4.90333 -2.05778
C -3.18524 1.25995 -1.21561
C -2.87092 0.18576 -2.21334
H -3.65964 -0.563317 -2.265
H -1.93208 -0.301541 -1.94453
H -2.70902 0.625943 -3.20088
C -5.52313 0.40705 -0.771872
H -5.4488 -0.155358 -1.70711
C -6.81298 1.24256 -0.785758
H -6.77546 1.932 -1.63576
H -6.84378 1.85675 0.124692
C -8.05823 0.352544 -0.852145
H -8.95775 0.977251 -0.837911
H -8.06611 -0.19552 -1.80435
CL 5.29988 -1.4023 -2.09308
N 1.6328 1.28468 1.86914
N 2.1507 -1.4503 -2.00103
N 0.696512 -0.455069 -0.515115
O 0.412486 1.21397 1.68907
O 2.17818 1.87483 2.8094
O 0.845186 -1.24972 -1.64411
C 1.94067 -0.149962 -0.171123
C 2.48597 0.629894 0.887436
C 3.84954 0.775134 0.96832
H 4.25168 1.38039 1.77212
C 4.73479 0.155113 0.0494173
H 5.80182 0.3042 0.159859
C 4.25619 -0.625862 -0.974504
C 2.84562 -0.774323 -1.09996
",-32.99
S8-2,"84
canonical CCSD(T)/CBS = -30.79 kcal/mol
C -2.8290906 -2.5676035 -0.2224696
C -3.3322106 -2.1021519 -1.4456941
C -3.7923636 -0.7374665 -1.5400330
C -3.7424774 0.0782307 -0.4006555
C -3.2071077 -0.3731909 0.8084765
C -2.7234678 -1.7371611 0.8963039
C -4.2383970 -0.2529211 -2.8026434
C -4.2354790 -1.0650491 -3.9115480
C -3.7963153 -2.4123568 -3.8151978
C -3.3593442 -2.9161972 -2.6139868
C -3.0648597 0.4997165 1.9371285
C -2.4333488 0.0423246 3.0531941
C -1.9171741 -1.2992180 3.1250606
C -2.0764936 -2.1782627 2.0977591
C -1.1460346 -1.3861534 4.4390124
C 0.0404091 -0.4477769 4.2075769
C -0.4803930 0.8561282 4.1632708
C -1.9927230 0.7362722 4.3418865
C -2.0408837 -0.4699333 5.3250119
C 1.3652834 -0.7225982 3.8692594
C 2.1726687 0.3762541 3.5833927
C 1.6558560 1.6842013 3.5364535
C 0.3081227 1.9411288 3.7861035
C 2.7648294 2.5701091 2.9606178
C 2.8881077 2.0916526 1.5136276
C 3.4328386 0.7620831 1.5832296
C 3.6095101 0.4506126 3.0659591
C 4.0052657 1.8647024 3.5837915
C 3.6001268 0.0053337 0.4649014
C 3.1815743 0.5279327 -0.8021373
C 2.6181886 1.8614860 -0.8712041
C 2.5004348 2.6386123 0.3283968
C 3.2396539 -0.2441193 -1.9648881
C 2.7292677 0.2153075 -3.1872129
C 2.1611374 1.5402029 -3.2538297
C 2.1449139 2.3337714 -2.0979915
C 2.7163028 -0.5950813 -4.3583815
C 2.1582593 -0.1373803 -5.5270446
C 1.5847726 1.1609770 -5.5886806
C 1.5920392 1.9781037 -4.4839022
O 1.8540307 -2.0231011 3.8166038
O -0.2781619 3.1813826 3.6691121
H 2.6767356 3.6490352 3.1067455
H 4.2522783 -0.3921588 3.3145159
H 4.0159356 1.9255466 4.6753810
H 4.9500390 2.2213991 3.1619553
H -3.0512970 -0.8688465 5.4586870
H -1.5815213 -0.2410026 6.2906372
H -2.5255146 1.6470240 4.6100962
H -0.9043172 -2.3851173 4.7981183
H 3.9978793 -1.0053136 0.5125766
H 2.0635117 3.6324331 0.2660512
H -3.4220854 1.5233619 1.8590618
H -1.6844962 -3.1917494 2.1429783
H 1.7077731 3.3291101 -2.1483006
H 3.6604607 -1.2468340 -1.9121176
H 1.1509012 2.9707816 -4.5275502
H 1.1427035 1.5072548 -6.5186770
H 2.1503844 -0.7688709 -6.4110487
H 3.1474013 -1.5919908 -4.3056862
H -2.4618350 -3.5899947 -0.1579421
H -4.0884608 1.1076124 -0.4728068
H -3.0120385 -3.9437968 -2.5391212
H -4.5712237 0.7796151 -2.8746655
H -4.5741145 -0.6794559 -4.8691236
H -3.8049372 -3.0431276 -4.6997112
H 0.3676296 3.7923877 3.2804161
H 1.7036535 -2.3456057 2.9064708
C -0.5387245 -1.0939244 -3.3942733
C -0.0212031 -1.9551172 -2.4341782
C 0.1561509 -1.5278976 -1.1086726
C -0.1729336 -0.2236990 -0.7497963
C -0.6988926 0.6106328 -1.7193776
C -0.8933254 0.1985158 -3.0391980
F 0.3299407 -3.1875905 -2.8219233
N 0.6650957 -2.4129891 -0.0575683
N -1.0678272 1.9819548 -1.3370778
H -1.3068706 0.8890799 -3.7609821
H -0.0322399 0.1154498 0.2679749
H -0.6541680 -1.4539276 -4.4086042
O 1.0905598 -1.8637403 0.9700142
O 0.6262101 -3.6302864 -0.2353275
O -1.5383126 2.7090137 -2.2206764
O -0.8861728 2.3240247 -0.1659033
",-30.79
GCGC,"58
canonical CCSD(T)/CBS = -13.78 kcal/mol
C   -1.598228   -2.949036    3.250000
C   -4.000540   -2.906527    3.250000
C   -4.010728   -1.569866    3.250000
C   -2.719298   -0.918718    3.250000
N   -2.830899   -3.586836    3.250000
N   -1.594926   -1.599866    3.250000
N   -2.653199    0.402428    3.250000
O   -0.598071   -3.629523    3.250000
H   -2.806641   -4.581039    3.250000
H   -4.897292   -3.497190    3.250000
H   -4.923580   -1.008975    3.250000
H   -3.479494    0.950075    3.250000
H   -1.758104    0.864659    3.250000
C    1.069242    1.108675    3.250000
C    2.285426   -1.022118    3.250000
C    3.455046    0.844410    3.250000
C    2.372412    1.689149    3.250000
C    4.058669    2.949205    3.250000
N    1.142384   -0.283906    3.250000
N    3.479383   -0.500070    3.250000
N    2.783809    3.007658    3.250000
N    4.536778    1.657659    3.250000
N    2.134562   -2.349372    3.250000
O   -0.013009    1.651379    3.250000
H    0.255022   -0.761450    3.250000
H    4.722994    3.789401    3.250000
H    5.483879    1.360580    3.250000
H    2.960976   -2.896653    3.250000
H    1.238164   -2.794426    3.250000
C   -1.516698    0.268452    0.000000
C   -1.248162   -2.170251    0.000000
C   -3.291523   -1.347683    0.000000
C   -2.912179   -0.027919    0.000000
C   -5.017031    0.000331    0.000000
N   -0.757332   -0.901161    0.000000
N   -2.520946   -2.449695    0.000000
N   -4.020006    0.796964    0.000000
N   -4.644678   -1.325577    0.000000
N   -0.345970   -3.155346    0.000000
O   -0.960132    1.343640    0.000000
H    0.241252   -0.765924    0.000000
H   -6.048336    0.289583    0.000000
H   -5.236280   -2.122611    0.000000
H   -0.692870   -4.083860    0.000000
H    0.640827   -2.988513    0.000000
C    3.026394   -1.446405    0.000000
C    4.944918    0.000029    0.000000
C    4.167491    1.087399    0.000000
C    2.739967    0.855105    0.000000
N    4.398535   -1.237850    0.000000
N    2.230700   -0.356844    0.000000
N    1.909942    1.885083    0.000000
O    2.617230   -2.584808    0.000000
H    4.963288   -2.056436    0.000000
H    6.017589    0.049270    0.000000
H    4.576320    2.077730    0.000000
H    2.256529    2.813822    0.000000
H    0.914102    1.732911    0.000000
",-13.78
5b,"142
DLPNO-CCSD(T1)/CBS (VeryTightPNO) = -29.51 kcal/mol
C 2.7235 1.87331 -7.48453
C 2.81576 0.741129 -8.29034
C 2.5516 -0.508718 -7.73626
C 2.2305 -0.581208 -6.3788
N 2.16546 0.502748 -5.59031
C 2.38896 1.70733 -6.13905
C 1.87805 -1.92262 -5.77776
O 1.73192 -2.92045 -6.48329
C 2.20141 2.93119 -5.27085
O 2.28035 4.06697 -5.73821
N 1.72885 -1.89018 -4.42475
C 1.22831 -2.94256 -3.60766
C -0.075857 -3.42457 -3.78739
C -0.556509 -4.38962 -2.89454
C 0.20521 -4.86932 -1.82792
C 1.50734 -4.3715 -1.68701
C 2.03888 -3.42833 -2.56694
C -0.360197 -5.87244 -0.803573
C -1.63312 -6.57163 -1.34394
C -2.16324 -7.65017 -0.392853
C -1.10939 -8.73373 -0.146158
C 0.182072 -8.1031 0.382232
C 0.684864 -6.99221 -0.54961
C -0.687386 -5.0701 0.47269
C -1.85579 -4.30165 0.543078
C -2.17926 -3.53738 1.66374
C -1.28271 -3.51432 2.74791
C -0.0954143 -4.26402 2.71318
C 0.17105 -5.03297 1.57333
C -3.4699 -2.76144 1.72284
N -1.54891 -2.62297 3.82262
C -1.62664 -2.9403 5.14499
O -1.61345 -4.08146 5.60508
C 0.895998 -4.22402 3.84404
C -0.957621 -2.90595 -4.89054
C 3.45162 -2.92584 -2.40755
C -1.70368 -1.72887 6.04551
N -1.58715 -0.515683 5.48357
C -1.55476 0.560014 6.28534
C -1.66864 0.469919 7.67453
C -1.82373 -0.789666 8.24731
C -1.83069 -1.91294 7.42397
C -1.32121 1.91184 5.65219
O -1.07963 2.90577 6.33628
N 1.91893 2.62859 -3.97445
C 1.49743 3.52786 -2.95653
C 0.31758 4.27331 -3.10127
C -0.120089 5.04417 -2.01446
C 0.563634 5.07942 -0.798085
C 1.73825 4.32259 -0.69389
C 2.22825 3.56058 -1.75327
C 0.0726137 5.90589 0.40728
C -1.10903 6.82833 0.0237983
C -1.54823 7.7315 1.18279
C -0.392384 8.61494 1.664
C 0.823878 7.7575 2.02978
C 1.22548 6.84226 0.866914
C -0.335651 4.90936 1.50996
C -1.63258 4.38393 1.5662
C -2.0049 3.42227 2.50757
C -1.03929 2.95534 3.41459
C 0.267853 3.46675 3.39998
C 0.585675 4.44351 2.45114
C -3.41115 2.88014 2.546
N -1.38925 1.89232 4.29246
C 1.31728 2.96801 4.3556
C -0.489127 4.22872 -4.37071
C 3.52064 2.79643 -1.62353
H -1.63056 -1.63079 3.59234
H 1.92417 -0.997353 -3.97136
H -1.64851 1.00158 3.86864
H 1.92964 1.63618 -3.73263
H 2.88622 2.87708 -7.86142
H 3.07556 0.833303 -9.34065
H 2.5746 -1.42441 -8.31649
H -1.56917 -4.74872 -3.04439
H 2.13328 -4.71671 -0.868085
H -1.37897 -7.02838 -2.31011
H -2.42375 -5.84293 -1.54312
H -2.44362 -7.18645 0.56223
H -3.07442 -8.0896 -0.814759
H -0.901447 -9.25825 -1.08983
H -1.48548 -9.48249 0.560664
H -0.00395108 -7.69169 1.38186
H 0.964836 -8.86335 0.491166
H 1.61695 -6.5737 -0.159211
H 0.933319 -7.42251 -1.52853
H -2.54681 -4.29118 -0.294819
H 1.09488 -5.60296 1.56113
H -4.04085 -3.0311 2.61829
H -3.29186 -1.68142 1.7728
H -4.08276 -2.96858 0.841774
H 1.85133 -4.6543 3.53139
H 1.0679 -3.19465 4.17914
H 0.518943 -4.78 4.709
H -1.9968 -3.20131 -4.72283
H -0.629582 -3.29353 -5.86087
H -0.909085 -1.81289 -4.95038
H 3.95654 -3.44545 -1.58877
H 4.02464 -3.08406 -3.32738
H 3.47644 -1.84869 -2.20062
H -1.62268 1.37998 8.26231
H -1.92173 -0.896139 9.32382
H -1.91684 -2.92283 7.80964
H -1.0361 5.61222 -2.14058
H 2.29479 4.31852 0.23897
H -0.78331 7.45457 -0.817169
H -1.96176 6.24512 -0.338193
H -1.90418 7.11103 2.0148
H -2.3939 8.35102 0.861103
H -0.115434 9.31482 0.863272
H -0.705517 9.21929 2.52323
H 0.586417 7.14757 2.91035
H 1.67377 8.39481 2.30108
H 2.11448 6.26137 1.12939
H 1.50691 7.45115 -0.00168496
H -2.38757 4.72302 0.862923
H 1.60015 4.83023 2.45299
H -3.83911 2.97756 3.54965
H -3.4341 1.81321 2.29126
H -4.05102 3.41615 1.83977
H 2.31146 3.29261 4.03726
H 1.12735 3.34268 5.36733
H 1.30703 1.8737 4.41361
H -1.48187 4.6578 -4.21048
H -0.605583 3.19807 -4.72461
H 0.0157589 4.78328 -5.16859
H 3.36728 1.71717 -1.73006
H 4.22439 3.0959 -2.40785
H 3.98195 2.98414 -0.650123
C 0.807712 0.120504 -1.27709
C -0.10247 1.22019 -0.90777
C -0.84474 1.14481 0.211303
C -0.776105 -0.03409 1.09243
C 0.136029 -1.13087 0.724006
C 0.87605 -1.05724 -0.39529
O 1.512 0.185126 -2.29494
O -1.47942 -0.106155 2.11136
H -0.129609 2.08303 -1.56616
H 0.164422 -1.99392 1.38151
H -1.50458 1.94774 0.519758
H 1.53543 -1.85986 -0.703211
",-29.51
5a,"144
DLPNO-CCSD(T1)/CBS (VeryTightPNO) = -42.73 kcal/mol
C 2.72869 1.88197 -7.40599
C 2.85727 0.762012 -8.22414
C 2.5972 -0.499181 -7.69343
C 2.24256 -0.5937 -6.34544
N 2.14406 0.477795 -5.54484
C 2.3652 1.69157 -6.0707
C 1.89635 -1.94457 -5.7652
O 1.79076 -2.94027 -6.48194
C 2.14649 2.89534 -5.18654
O 2.18559 4.0392 -5.64052
N 1.70627 -1.92298 -4.41879
C 1.21938 -2.99792 -3.62519
C -0.0715811 -3.5082 -3.83052
C -0.554608 -4.47475 -2.93916
C 0.197591 -4.93519 -1.85596
C 1.4905 -4.419 -1.69831
C 2.01961 -3.46566 -2.56829
C -0.371126 -5.92983 -0.824852
C -1.63942 -6.63957 -1.3594
C -2.17734 -7.69676 -0.387713
C -1.12274 -8.76852 -0.0947439
C 0.16663 -8.12061 0.419315
C 0.672969 -7.04616 -0.551125
C -0.690606 -5.1083 0.441164
C -1.90464 -4.42093 0.562123
C -2.20337 -3.62299 1.67003
C -1.23577 -3.48279 2.68342
C -0.00328768 -4.15454 2.59538
C 0.236219 -4.96037 1.47703
C -3.53115 -2.91831 1.78135
N -1.49435 -2.57972 3.7495
C -1.51548 -2.90607 5.07166
O -1.42373 -4.05016 5.51706
C 1.05198 -3.99638 3.65548
C -0.940045 -3.00999 -4.95367
C 3.41085 -2.92075 -2.36987
C -1.63927 -1.71333 5.9876
N -1.55716 -0.491739 5.44047
C -1.57258 0.574923 6.25327
C -1.70573 0.466358 7.63973
C -1.82257 -0.804505 8.19749
C -1.77583 -1.91853 7.36258
C -1.3705 1.93729 5.63438
O -1.19457 2.93671 6.33192
N 1.88675 2.5787 -3.88793
C 1.47344 3.49245 -2.88113
C 0.271603 4.20758 -3.01257
C -0.143129 5.01741 -1.94706
C 0.581409 5.12085 -0.757918
C 1.77598 4.3935 -0.662582
C 2.24712 3.59533 -1.70713
C 0.0985091 5.96862 0.435131
C -1.07793 6.89225 0.0380538
C -1.51412 7.81195 1.18486
C -0.354801 8.69618 1.65607
C 0.85364 7.83552 2.03878
C 1.25459 6.90185 0.890036
C -0.320466 4.97773 1.5397
C -1.60579 4.42291 1.55714
C -1.98529 3.4536 2.48735
C -1.03807 3.01013 3.42529
C 0.254842 3.55846 3.45614
C 0.582276 4.53795 2.51218
C -3.37527 2.87153 2.47558
N -1.38108 1.92256 4.27435
C 1.28308 3.08847 4.44896
C -0.577852 4.09146 -4.24849
C 3.5513 2.84858 -1.58567
H -1.63349 -1.59466 3.50435
H 1.85532 -1.03157 -3.9397
H -1.58132 1.02964 3.81756
H 1.93064 1.58899 -3.6263
H 2.88722 2.89276 -7.76534
H 3.14242 0.872172 -9.26642
H 2.64907 -1.40687 -8.28458
H -1.55901 -4.8511 -3.10414
H 2.10814 -4.75008 -0.867761
H -1.37476 -7.11843 -2.31146
H -2.42866 -5.91699 -1.58706
H -2.47501 -7.21074 0.550739
H -3.08 -8.153 -0.811114
H -0.906946 -9.32607 -1.01741
H -1.50452 -9.49189 0.635105
H -0.0223547 -7.66926 1.4016
H 0.946932 -8.87799 0.560874
H 1.61196 -6.62255 -0.18339
H 0.908195 -7.5071 -1.51934
H -2.65384 -4.50071 -0.219657
H 1.1931 -5.47075 1.42421
H -4.02983 -3.18442 2.71976
H -3.40568 -1.82949 1.78275
H -4.1827 -3.19367 0.947905
H 2.01478 -4.37179 3.29846
H 1.16684 -2.9441 3.93925
H 0.769923 -4.54232 4.56212
H -1.97387 -3.33832 -4.81617
H -0.573294 -3.38099 -5.91681
H -0.922431 -1.91528 -5.00637
H 3.91793 -3.44523 -1.55536
H 4.00603 -3.03329 -3.28254
H 3.38749 -1.84959 -2.13532
H -1.70239 1.37142 8.23714
H -1.93326 -0.92614 9.27116
H -1.82962 -2.93494 7.73677
H -1.07547 5.56003 -2.06417
H 2.36477 4.43944 0.249435
H -0.748732 7.50362 -0.812774
H -1.93449 6.30911 -0.314374
H -1.87375 7.2023 2.0239
H -2.35699 8.43033 0.854174
H -0.0701821 9.38215 0.8453
H -0.666964 9.31564 2.50488
H 0.607336 7.23956 2.92666
H 1.70719 8.47003 2.30594
H 2.1387 6.32005 1.16716
H 1.54683 7.49834 0.0158758
H -2.34362 4.73872 0.825343
H 1.58752 4.94734 2.54425
H -3.8412 2.95838 3.46315
H -3.35428 1.8045 2.2243
H -4.00361 3.38977 1.74593
H 2.2784 3.44472 4.16971
H 1.04267 3.45283 5.45352
H 1.30386 1.99391 4.50364
H -1.57654 4.49832 -4.06811
H -0.674355 3.04523 -4.55997
H -0.117522 4.63149 -5.08287
H 3.39785 1.76461 -1.63553
H 4.22352 3.11428 -2.40894
H 4.04402 3.08866 -0.63981
C 0.807763 0.078026 -1.30445
N 0.341998 1.19043 -0.716955
C -0.519313 1.26948 0.453794
C -0.868287 -0.0636356 1.07652
N -0.415428 -1.17524 0.478237
C 0.378078 -1.25612 -0.739263
O 1.57363 0.106698 -2.28199
O -1.56475 -0.092775 2.10537
H 0.67101 2.07512 -1.10893
H -0.688498 -2.05913 0.912297
H -1.46015 1.76764 0.195217
H -0.0427311 1.88677 1.22284
H 1.28337 -1.83828 -0.547319
H -0.17411 -1.79439 -1.51923
",-42.73
CiM-c,"144
DLPNO-CCSD(T1)/CBS (VeryTightPNO) = -14.74 kcal/mol
 O                 -0.96812200   -1.18176500    1.60371300
 O                 -5.01221400    3.59998300    0.67145300
 O                 -7.15836600   -2.29563900    0.61775500
 C                 -3.28954600   -0.87303400    1.11631900
 C                 -3.05512700    0.50348300    1.13915700
 H                 -2.03730000    0.88202200    1.34594000
 C                 -4.10826700    1.40269000    0.89961600
 C                 -5.38834000    0.91452200    0.62283700
 H                 -6.21668600    1.62116100    0.43710100
 C                 -5.62205100   -0.47221700    0.58072200
 C                 -4.57777300   -1.36085600    0.83951500
 H                 -4.76916400   -2.44953000    0.82496700
 C                 -2.19013700   -1.86843600    1.36589200
 H                 -2.43814900   -2.49492800    2.23692000
 H                 -2.08366200   -2.50870000    0.48582800
 C                  0.12443000   -1.96719400    1.82651000
 C                  0.09685400   -3.36816200    1.78877500
 H                 -0.84251300   -3.90513500    1.57084400
 C                  1.27995600   -4.09061500    2.02991000
 C                  2.46547500   -3.39950700    2.31381000
 H                  3.39307500   -3.96838200    2.51166600
 C                  2.49535300   -1.99439200    2.34739800
 C                  1.31678000   -1.28662600    2.09592500
 H                  1.32255000   -0.18150100    2.10552000
 C                  1.24589300   -5.60488400    1.99304900
 H                  0.82997800   -5.99025500    2.93563500
 H                  2.26393200   -5.99702900    1.86078400
 H                  0.61625400   -5.93980200    1.15645800
 C                  3.77602700   -1.24420300    2.65480700
 H                  3.75315100   -0.88520400    3.69464000
 H                  3.87363600   -0.38523700    1.97553500
 H                  4.63853400   -1.91167900    2.52087200
 C                 -3.81875200    2.88179000    0.96027000
 H                 -3.45709700    3.15036300    1.96472100
 H                 -3.04178000    3.13994000    0.22476000
 C                 -4.92717300    4.96198500    0.68475100
 C                 -6.11682100    5.64393200    0.39658800
 H                 -7.02789100    5.07119100    0.14738000
 C                 -6.14533700    7.04248000    0.42518600
 C                 -4.96124100    7.74220000    0.71152100
 H                 -4.97285300    8.84808700    0.71811100
 C                 -3.76582200    7.06977200    0.98873800
 C                 -3.75296900    5.66296100    0.98549500
 H                 -2.82010600    5.11971100    1.21875600
 C                 -2.49259300    7.82276800    1.29982700
 H                 -2.67963100    8.90464100    1.26277500
 H                 -1.71824100    7.56434100    0.56301000
 H                 -2.13790600    7.55430900    2.30537900
 C                 -7.44748900    7.77309300    0.16702800
 H                 -7.82755900    7.51031100   -0.83056600
 H                 -7.28083700    8.85818400    0.21579900
 H                 -8.18913300    7.48497200    0.92571400
 C                 -6.98475400   -0.95734000    0.16619800
 H                 -7.75973700   -0.30911100    0.60152600
 H                 -7.07421300   -0.92022000   -0.93056800
 C                 -8.29894300   -2.93261000    0.21504900
 C                 -9.32772300   -2.30621100   -0.49951500
 H                 -9.25928300   -1.23663600   -0.76317100
 C                -10.45503900   -3.05559000   -0.88128100
 C                -10.52395400   -4.41357900   -0.55490200
 H                -11.40437600   -5.00456700   -0.86924100
 C                 -9.49486700   -5.04233400    0.16714900
 C                 -8.38298500   -4.28841700    0.55873100
 H                 -7.56723300   -4.75592000    1.13943800
 C                -11.60376000   -2.36374700   -1.58792600
 H                -12.31310200   -1.97338700   -0.84360500
 H                -12.12210300   -3.07907300   -2.24183700
 H                -11.21988700   -1.53115700   -2.19360500
 C                 -9.55742700   -6.51894200    0.49271100
 H                -10.59768100   -6.86911900    0.43926200
 H                 -9.17027400   -6.69213700    1.50622100
 H                 -8.94738300   -7.08352900   -0.22774000
 O                  0.95502800   -1.17474400   -1.59700200
 O                  5.03104900    3.59312500   -0.67149300
 O                  7.14852100   -2.31403600   -0.62207600
 C                  3.28031900   -0.87045400   -1.11416800
 C                  3.05503700    0.50737200   -1.13648400
 H                  2.03959600    0.89373000   -1.34099600
 C                  4.11498700    1.39921800   -0.89871600
 C                  5.39236000    0.90361000   -0.62481300
 H                  6.22531400    1.60537400   -0.44065800
 C                  5.61865000   -0.48326500   -0.58322300
 C                  4.56702400   -1.36595400   -0.83996300
 H                  4.75255600   -2.45575400   -0.82566200
 C                  2.17619700   -1.86270500   -1.36144200
 H                  2.42098400   -2.48975000   -2.23297100
 H                  2.07192600   -2.50215600   -0.48076200
 C                 -0.13776000   -1.96013700   -1.81895200
 C                 -0.11050800   -3.36200400   -1.78456000
 H                  0.82912700   -3.89922000   -1.56858000
 C                 -1.29232000   -4.08545100   -2.02818100
 C                 -2.47807200   -3.39475200   -2.31070500
 H                 -3.40636700   -3.96167200   -2.51108100
 C                 -2.50836100   -1.98874600   -2.33986900
 C                 -1.33058400   -1.27894600   -2.08603500
 H                 -1.33548500   -0.17376300   -2.09259000
 C                 -1.25623200   -5.59941200   -1.99610100
 H                 -0.83922700   -5.98140600   -2.93977700
 H                 -2.27382400   -5.99316900   -1.86581200
 H                 -0.62655700   -5.93587600   -1.16034200
 C                 -3.78929200   -1.23886400   -2.64561600
 H                 -3.76624100   -0.87640600   -3.68434000
 H                 -3.88789600   -0.38236600   -1.96346000
 H                 -4.65131500   -1.90768100   -2.51441500
 C                  3.83440400    2.87959500   -0.95796600
 H                  3.47188900    3.15034200   -1.96147100
 H                  3.06027300    3.14116400   -0.22057500
 C                  4.94859700    4.95539800   -0.68461000
 C                  6.13966100    5.63601300   -0.39909000
 H                  7.05066200    5.06231200   -0.15178000
 C                  6.16963600    7.03461800   -0.42784600
 C                  4.98573500    7.73568100   -0.71164200
 H                  4.99866800    8.84155500   -0.71828600
 C                  3.78896100    7.06465100   -0.98620900
 C                  3.77456000    5.65791300   -0.98284500
 H                  2.84047500    5.11586000   -1.21401300
 C                  2.51588800    7.81906200   -1.29453800
 H                  2.70410600    8.90075100   -1.25797900
 H                  1.74285900    7.56153700   -0.55601300
 H                  2.15866900    7.55095100   -2.29929000
 C                  7.47307600    7.76401000   -0.17256000
 H                  7.85504100    7.50096400    0.82423600
 H                  7.30730700    8.84925600   -0.22106800
 H                  8.21279600    7.47513600   -0.93282600
 C                  6.98010000   -0.97493900   -0.17148600
 H                  7.75690200   -0.33020800   -0.60889900
 H                  7.07205600   -0.93757800    0.92498500
 C                  8.28919300   -2.95098300   -0.21969200
 C                  9.31864500   -2.32286600    0.49231200
 H                  9.24988300   -1.25288000    0.75403500
 C                 10.44707500   -3.07081600    0.87353300
 C                 10.51619300   -4.42932900    0.54923600
 H                 11.39749600   -5.01922300    0.86304900
 C                  9.48633000   -5.05999500   -0.17018900
 C                  8.37317700   -4.30736000   -0.56130600
 H                  7.55667000   -4.77594600   -1.14015200
 C                 11.59650900   -2.37683000    1.57705100
 H                 12.30429000   -1.98721800    0.83080000
 H                 12.11643500   -3.09061000    2.23139200
 H                 11.21295300   -1.54347000    2.18187000
 C                  9.54952000   -6.53704800   -0.49352300
 H                 10.59015800   -6.88637200   -0.44119700
 H                  9.16079700   -6.71202600   -1.50612600
 H                  8.94103500   -7.10097100    0.22876200
",-14.74
C60-CPPA,"132
DLPNO-CCSD(T1)/CBS (VeryTightPNO) = -40.19 kcal/mol
C -0.72650728 -1.22225849 -3.24715547
C 0.72650728 -1.22225849 -3.24715547
C -1.42176054 -0.01804451 -3.24715547
C 1.42176054 -0.01804451 -3.24715547
C 2.59727407 0.14217202 -2.40825772
C 1.17551245 -2.32039134 -2.40825772
C 2.30045705 -2.16706760 -1.60544793
C 3.02696412 -0.90872044 -1.60544793
C -3.02696412 -0.90872044 -1.60544793
C -2.30045705 -2.16706760 -1.60544793
C -2.59727407 0.14217202 -2.40825772
C -1.17551245 -2.32039134 -2.40825772
C 0.00000000 -2.99907290 -1.88979043
C -2.30045914 -2.68553418 -0.24808191
C -1.17551125 -3.33502315 0.24808191
C 0.00000000 -3.49523729 -0.59081634
C -3.02696429 1.74761865 -0.59081634
C -3.47597040 0.64948897 0.24808191
C -2.59727332 1.49953645 -1.88979043
C -3.47597040 -0.64948897 -0.24808191
C -3.02696429 -1.74761865 0.59081634
C -3.02696412 0.90872044 1.60544793
C -2.59727407 -0.14217202 2.40825772
C -2.59727332 -1.49953645 1.88979043
C -0.72650707 3.07578804 -1.60544793
C -1.17551125 3.33502315 -0.24808191
C -1.42176162 2.17821932 -2.40825772
C -2.30045914 2.68553418 0.24808191
C -2.30045705 2.16706760 1.60544793
C -0.00000000 3.49523729 0.59081634
C -0.00000000 2.99907290 1.88979043
C -1.17551245 2.32039134 2.40825772
C 0.69525326 1.24030300 -3.24715547
C 1.42176162 2.17821932 -2.40825772
C -0.69525326 1.24030300 -3.24715547
C 0.72650707 3.07578804 -1.60544793
C 1.17551125 3.33502315 -0.24808191
C 2.59727332 1.49953645 -1.88979043
C 3.02696429 1.74761865 -0.59081634
C 2.30045914 2.68553418 0.24808191
C 0.72650728 1.22225849 3.24715547
C 1.17551245 2.32039134 2.40825772
C 2.30045705 2.16706760 1.60544793
C 1.42176054 0.01804451 3.24715547
C -0.69525326 -1.24030300 3.24715547
C -1.42176054 0.01804451 3.24715547
C -0.72650728 1.22225849 3.24715547
C 0.69525326 -1.24030300 3.24715547
C 0.72650707 -3.07578804 1.60544793
C -0.72650707 -3.07578804 1.60544793
C -1.42176162 -2.17821932 2.40825772
C 1.42176162 -2.17821932 2.40825772
C 3.02696429 -1.74761865 0.59081634
C 2.30045914 -2.68553418 -0.24808191
C 1.17551125 -3.33502315 0.24808191
C 2.59727332 -1.49953645 1.88979043
C 3.02696412 0.90872044 1.60544793
C 3.47597040 0.64948897 0.24808191
C 3.47597040 -0.64948897 -0.24808191
C 2.59727407 -0.14217202 2.40825772
C -4.43498968 4.84818396 -0.00326334
C -5.43089278 3.84285784 -0.00366147
C -3.85193459 5.28074380 -1.21899357
C -3.85171966 5.27950986 1.21280412
C -2.64632983 5.97544200 -1.21280412
C -2.64729099 5.97624511 1.21899357
C -1.98115563 6.26490571 0.00326334
C -6.04345890 2.78186219 -0.00366147
H -4.31742848 4.99255327 -2.16174586
H -4.31701338 4.99032575 2.15534928
H -2.16324219 6.23380613 -2.15534928
H -2.16496372 6.23527938 2.16174586
C 1.98115563 6.26490571 0.00326334
C 0.61256612 6.62472003 0.00366147
C 2.64632983 5.97544200 -1.21280412
C 2.64729099 5.97624511 1.21899357
C 3.85193459 5.28074380 -1.21899357
C 3.85171966 5.27950986 1.21280412
C 4.43498968 4.84818396 -0.00326334
C -0.61256612 6.62472003 0.00366147
H 2.16324219 6.23380613 -2.15534928
H 2.16496372 6.23527938 2.16174586
H 4.31742848 4.99255327 -2.16174586
H 4.31701338 4.99032575 2.15534928
C 6.41614531 1.41672175 -0.00326334
C 6.04345890 2.78186219 -0.00366147
C 6.49922558 0.69550131 -1.21899357
C 6.49804949 0.69593214 1.21280412
C 6.49804949 -0.69593214 -1.21280412
C 6.49922558 -0.69550131 1.21899357
C 6.41614531 -1.41672175 0.00326334
C 5.43089278 3.84285784 -0.00366147
H 6.48239220 1.24272611 -2.16174586
H 6.48025557 1.24348038 2.15534928
H 6.48025557 -1.24348038 -2.15534928
H 6.48239220 -1.24272611 2.16174586
C 4.43498968 -4.84818396 0.00326334
C 5.43089278 -3.84285784 0.00366147
C 3.85171966 -5.27950986 -1.21280412
C 3.85193459 -5.28074380 1.21899357
C 2.64729099 -5.97624511 -1.21899357
C 2.64632983 -5.97544200 1.21280412
C 1.98115563 -6.26490571 -0.00326334
C 6.04345890 -2.78186219 0.00366147
H 4.31701338 -4.99032575 -2.15534928
H 4.31742848 -4.99255327 2.16174586
H 2.16496372 -6.23527938 -2.16174586
H 2.16324219 -6.23380613 2.15534928
C -1.98115563 -6.26490571 -0.00326334
C -0.61256612 -6.62472003 -0.00366147
C -2.64729099 -5.97624511 -1.21899357
C -2.64632983 -5.97544200 1.21280412
C -3.85171966 -5.27950986 -1.21280412
C -3.85193459 -5.28074380 1.21899357
C -4.43498968 -4.84818396 0.00326334
C 0.61256612 -6.62472003 -0.00366147
H -2.16496372 -6.23527938 -2.16174586
H -2.16324219 -6.23380613 2.15534928
H -4.31701338 -4.99032575 -2.15534928
H -4.31742848 -4.99255327 2.16174586
C -6.41614531 -1.41672175 0.00326334
C -6.04345890 -2.78186219 0.00366147
C -6.49804949 -0.69593214 -1.21280412
C -6.49922558 -0.69550131 1.21899357
C -6.49922558 0.69550131 -1.21899357
C -6.49804949 0.69593214 1.21280412
C -6.41614531 1.41672175 -0.00326334
C -5.43089278 -3.84285784 0.00366147
H -6.48025557 -1.24348038 -2.15534928
H -6.48239220 -1.24272611 2.16174586
H -6.48239220 1.24272611 -2.16174586
H -6.48025557 1.24348038 2.15534928
",-40.19
CiM-e,"174
DLPNO-CCSD(T1)/CBS (VeryTightPNO) = -66.38 kcal/mol
 C                  1.30278400    0.52031800   -0.14216500
 H                  2.31951800    0.92670200   -0.11120200
 C                  1.09710300   -0.85897600   -0.14448300
 C                  2.23958800   -1.83014900   -0.17216200
 O                  2.29925400   -2.78344100    0.59371400
 N                  3.16948100   -1.62197600   -1.12923900
 H                  2.97711400   -0.90840400   -1.82362900
 C                  4.07958500   -2.68278700   -1.48854200
 H                  4.45232700   -3.13350800   -0.55294100
 C                  5.24295800   -2.15403800   -2.32374700
 H                  5.81004300   -3.00563000   -2.72119200
 H                  4.85154700   -1.61525400   -3.20162900
 C                  6.15323000   -1.23275800   -1.52711400
 H                  5.57568400   -0.48709400   -0.95289600
 H                  6.73518700   -1.79140500   -0.77714800
 C                  7.11725400   -0.49418000   -2.41943700
 O                  7.07723200   -0.46617200   -3.61886300
 O                  8.04952300    0.16084200   -1.71023000
 C                  8.97921300    0.92191200   -2.46782100
 H                  9.65813600    1.38624900   -1.74610400
 H                  8.45953600    1.69023700   -3.05560200
 H                  9.53569100    0.27313100   -3.15719900
 C                  3.29740700   -3.78757900   -2.21337100
 O                  2.10442200   -3.80224700   -2.33724700
 O                  4.11141300   -4.72621900   -2.68792500
 C                  3.47694700   -5.84635000   -3.29995700
 H                  4.28346600   -6.50498600   -3.63589600
 H                  2.86949500   -5.51446400   -4.15201900
 H                  2.84436800   -6.35353200   -2.56275800
 C                  0.19673900    1.37964100   -0.14451600
 C                 -1.10057800    0.86809500   -0.14114200
 C                  0.46646900    2.85463800   -0.17260500
 H                 -1.96090800    1.54537300   -0.10934800
 C                 -1.29173600   -0.51942100   -0.14382500
 O                  1.26301600    3.38308700    0.59233500
 N                 -0.17996200    3.55578400   -1.12895100
 C                 -0.20007700   -1.38720700   -0.14127700
 C                 -2.70404500   -1.02317700   -0.17107000
 H                 -0.70267000    3.03244000   -1.82266900
 C                  0.28228600    4.87485000   -1.48826200
 H                 -0.35653200   -2.47090600   -0.10975900
 O                 -3.55922600   -0.59804900    0.59495900
 N                 -2.98922900   -1.93245000   -1.12814900
 H                  0.48466500    5.42403500   -0.55293600
 C                 -0.75793300    5.61577800   -2.32479900
 C                  1.63054700    4.75170100   -2.21260600
 H                 -2.27531500   -2.12314400   -1.82264100
 C                 -4.36321200   -2.19020100   -1.48667300
 H                 -0.30559800    6.53382500   -2.72144800
 H                 -1.02619200    5.00687000   -3.20311600
 C                 -2.01283300    5.94017900   -1.52982300
 O                  2.23933000    3.72611700   -2.34020800
 O                  2.03675900    5.92748100   -2.68320500
 H                 -4.93941300   -2.28853100   -0.55085300
 C                 -4.48705200   -3.46159400   -2.32270200
 C                 -4.92980000   -0.96010000   -2.21027500
 H                 -2.36795100    5.06631800   -0.95577900
 H                 -1.82310000    6.72429500   -0.77993000
 C                 -3.13476500    6.40217400   -2.42361100
 C                  3.32281800    5.93934400   -3.29773700
 H                 -5.50822200   -3.52692000   -2.71981100
 H                 -3.82504700   -3.39135500   -3.20075200
 C                 -4.14369200   -4.71102200   -1.52697400
 O                 -4.34570100    0.08001500   -2.33582200
 O                 -6.15094300   -1.19507900   -2.68195000
 O                 -3.13705500    6.35387100   -3.62305800
 O                 -4.17095400    6.87798400   -1.71576200
 H                  3.49059600    6.96849900   -3.62913200
 H                  3.33647600    5.25135800   -4.15310800
 H                  4.07951900    5.64071500   -2.56358000
 H                 -3.20890700   -4.58385600   -0.95311600
 H                 -4.91811600   -4.93630200   -0.77682500
 C                 -3.98620600   -5.91458300   -2.42007300
 C                 -6.80410600   -0.08571200   -3.29392600
 C                 -5.29531000    7.29888200   -2.47484400
 O                 -3.94262000   -5.89316900   -3.61950800
 O                 -3.88479000   -7.04990800   -1.71160400
 H                 -7.77796400   -0.45496200   -3.62916800
 H                 -6.21341200    0.27415700   -4.14639900
 H                 -6.92675800    0.71588600   -2.55688200
 H                 -6.03933100    7.65144900   -1.75405200
 H                 -5.69685100    6.46354800   -3.06378300
 H                 -5.01364700    8.10670900   -3.16325300
 C                 -3.69101400   -8.23517800   -2.46997500
 H                 -3.62838300   -9.05575500   -1.74875900
 H                 -2.76592200   -8.16920400   -3.05796400
 H                 -4.53133400   -8.39213100   -3.15921600
 H                  1.06105100   -3.12013100    1.94306000
 H                  2.17279500    2.47797100    1.94277900
 H                 -3.23165600    0.64207900    1.94508400
 N                  0.35969800   -3.57927000    2.52969200
 N                  2.92115300    2.10056500    2.52957200
 N                 -3.27845700    1.47916200    2.53153900
 C                 -0.56276800   -2.83615000    3.19381500
 C                  0.07517900   -4.96580800    2.25823900
 C                  2.73917200    0.93016800    3.19381400
 C                  4.26402200    2.54828600    2.25844500
 C                 -2.17329800    1.90669400    3.19485700
 C                 -4.33731600    2.41853000    2.26033100
 C                 -0.23995500   -1.37435400    3.29855600
 O                 -1.59674400   -3.31352700    3.62572300
 C                 -1.31021900   -0.47724100    3.30869000
 C                  1.07014800   -0.89680100    3.30791400
 H                 -2.32440900   -0.88252800    3.30147000
 C                 -1.06875400    0.89617400    3.29909200
 H                  1.92820600   -1.57249400    3.30004400
 C                  1.31191000    0.47865700    3.29851700
 C                  0.24325900    1.37446200    3.30840900
 H                  0.39942900    2.45541200    3.30101300
 O                 -2.06923900    3.04103300    3.62608700
 O                  3.66964600    0.27361600    3.62591700
 H                  0.04103600   -5.53912700    3.19761500
 C                  1.12136400   -5.53600400    1.29852200
 C                 -1.29755500   -5.09575100    1.60726000
 H                  0.86514100   -6.57938300    1.06431800
 H                  1.07305100   -4.97382200    0.35306700
 C                  2.53853000   -5.45536700    1.85159300
 O                 -1.68672200   -4.39092900    0.70879700
 O                 -1.98010500   -6.11904500    2.09902500
 H                  2.75953200   -4.47115700    2.28253300
 H                  2.70479100   -6.19511000    2.65221600
 C                  3.55727900   -5.71597300    0.77466500
 C                 -3.29574900   -6.30110600    1.59528800
 O                  3.32915300   -6.24254300   -0.28401800
 O                  4.78301100   -5.31540500    1.13035300
 H                 -3.74448600   -7.09819600    2.19606200
 H                 -3.27501900   -6.58926200    0.53569200
 H                 -3.86840900   -5.37032300    1.71006100
 C                  5.82390500   -5.61401900    0.21037600
 H                  6.73430200   -5.16570600    0.62085800
 H                  5.59492600   -5.20407600   -0.78311700
 H                  5.94860000   -6.70184900    0.11354600
 H                  4.77725100    2.80554900    3.19796400
 C                  4.23408600    3.73952400    1.29896100
 C                  5.06377500    1.42504800    1.60750500
 H                  5.26558700    4.03954700    1.06420900
 H                  3.77082300    3.41657300    0.35378300
 C                  3.45595000    4.92632300    1.85277100
 O                  4.64865800    0.73549600    0.70880300
 O                  6.29094300    1.34587800    2.10003700
 H                  2.49289400    4.62564000    2.28322900
 H                  4.01350100    5.43931000    2.65392900
 C                  3.17287200    5.93984300    0.77656300
 C                  7.10697600    0.29767600    1.59686600
 O                  3.74334400    6.00625700   -0.28187000
 O                  2.21275900    6.80060600    1.13238600
 H                  8.02156900    0.30829100    2.19774100
 H                  7.34617400    0.45933700    0.53722300
 H                  6.58761600   -0.66382000    1.71205200
 C                  1.95076700    7.85161900    0.21273600
 H                  1.10780700    8.41612700    0.62388800
 H                  1.70937300    7.44855400   -0.78062700
 H                  2.83068000    8.50320800    0.11542600
 H                 -4.81624300    2.73508900    3.19985400
 C                 -5.35459800    1.79672600    1.30153700
 C                 -3.76446700    3.67224600    1.60827000
 H                 -6.13058500    2.53973700    1.06724900
 H                 -4.84375600    1.55720300    0.35604000
 C                 -5.99254300    0.52914800    1.85566200
 O                 -2.95979700    3.65688500    0.70952500
 O                 -4.31003900    4.77494800    2.09948600
 H                 -5.25017300   -0.15424500    2.28579100
 H                 -6.71536400    0.75533700    2.65707000
 C                 -6.72891400   -0.22290100    0.77971600
 C                 -3.81154500    6.00541000    1.59423100
 O                 -7.07403500    0.23855300   -0.27767400
 O                 -6.99134400   -1.48574300    1.13430600
 H                 -4.27879200    6.79271300    2.19379900
 H                 -4.07136200    6.12966900    0.53439100
 H                 -2.71921900    6.03776800    1.70925000
 C                 -7.77140000   -2.23805200    0.21529000
 H                 -7.83714200   -3.25077000    0.62563200
 H                 -7.30320700   -2.24420900   -0.77884700
 H                 -8.77617900   -1.80264000    0.11995800
",-66.38
C60-C60,"120
DLPNO-CCSD(T1)/CBS (VeryTightPNO) = -9.55 kcal/mol
C -3.485348000 4.917695000 0.682611000
C -3.426189000 4.052987000 -0.495894000
C -2.866561000 2.765956000 -0.083538000
C -2.579771000 2.835231000 1.349752000
C -2.962718000 4.164892000 1.823118000
C -3.210852000 6.286636000 0.561526000
C -3.093586000 4.593818000 -1.745825000
C -1.997391000 2.075347000 -0.939015000
C -1.436985000 2.209820000 1.867537000
C -2.186632000 4.812934000 2.793979000
C -2.865145000 6.851314000 -0.742908000
C -2.187873000 3.870883000 -2.639069000
C -0.804432000 1.430385000 -0.397653000
C -0.627351000 2.886012000 2.881391000
C -1.900910000 6.241851000 2.667715000
C -2.402092000 6.963093000 1.575484000
C -2.807435000 6.022732000 -1.871905000
C -1.651134000 2.638223000 -2.244456000
C -0.530591000 1.492693000 0.973211000
C -0.994798000 4.159951000 3.335025000
C -1.842544000 7.876339000 -0.535072000
C -1.341258000 4.853248000 -3.316198000
C -0.805225000 8.030014000 -1.464815000
C 0.278403000 1.587864000 -1.366804000
C 0.779229000 2.581227000 2.615293000
C -0.532316000 6.472050000 3.130234000
C -1.556549000 7.945644000 0.897865000
C -1.724724000 6.183302000 -2.842555000
C -0.244322000 2.334040000 -2.509675000
C 0.839050000 1.719024000 1.435941000
C 0.027971000 5.185412000 3.542540000
C 1.374977000 4.893812000 3.288028000
C 3.518642000 4.829600000 -0.710936000
C 2.995401000 5.582093000 -1.851102000
C 2.611613000 6.911614000 -1.377324000
C 2.897627000 6.981045000 0.055648000
C 3.458080000 5.694314000 0.467629000
C 3.245491000 3.460237000 -0.590119000
C 2.220469000 4.933707000 -2.822537000
C 1.469505000 7.537540000 -1.895038000
C 2.029496000 7.673426000 0.910715000
C 3.126597000 5.153437000 1.717374000
C 2.436626000 2.783498000 -1.604209000
C 1.028363000 5.587233000 -3.363112000
C 0.563404000 8.260013000 -1.002478000
C 1.683699000 7.109231000 2.215183000
C 2.841381000 3.724217000 1.843988000
C 2.899231000 2.895505000 0.714797000
C 1.935230000 3.504626000 -2.696938000
C 0.661040000 6.861397000 -2.909356000
C 0.837400000 8.326565000 0.370300000
C 2.220447000 5.876173000 2.609920000
C 1.590987000 1.801862000 -0.926059000
C 0.005814000 4.561886000 -3.571237000
C 0.277794000 7.413438000 2.480882000
C 1.758874000 3.563862000 2.814287000
C 1.876824000 1.871224000 0.507089000
C 0.566293000 3.275074000 -3.159258000
C -0.744920000 7.165153000 -2.642996000
C -0.245254000 8.165858000 1.340762000
C -2.702800000 -3.714332000 2.062003000
C -2.995549000 -5.144249000 1.963774000
C -2.027878000 -5.861955000 2.793587000
C -1.136850000 -4.875801000 3.404504000
C -1.554122000 -3.548534000 2.951997000
C -2.841157000 -2.891855000 0.935241000
C -3.414735000 -5.692012000 0.743722000
C -1.519911000 -7.097087000 2.368465000
C 0.224982000 -5.165875000 3.564241000
C -0.591583000 -2.566914000 2.678516000
C -3.278992000 -3.463796000 -0.338656000
C -2.884318000 -6.980934000 0.300019000
C -0.098538000 -7.399716000 2.535266000
C 1.229894000 -4.141480000 3.278935000
C -0.735491000 -1.711286000 1.501687000
C -1.836589000 -1.868616000 0.649785000
C -3.559385000 -4.833836000 -0.432281000
C -1.957260000 -7.668497000 1.094996000
C 0.755199000 -6.454704000 3.120244000
C 0.830491000 -2.870113000 2.845599000
C -2.544591000 -2.792519000 -1.411354000
C -2.700900000 -6.919376000 -1.150012000
C -2.121746000 -3.519619000 -2.532982000
C 0.342544000 -8.158339000 1.365001000
C 2.380598000 -4.797292000 2.658158000
C 0.597666000 -1.487287000 0.941553000
C -1.653375000 -1.807061000 -0.800424000
C -3.118080000 -5.592541000 -1.602603000
C -0.806254000 -8.324463000 0.474826000
C 2.087351000 -6.226909000 2.560377000
C 1.565670000 -2.199437000 1.773079000
C 2.669087000 -2.827517000 1.178846000
C 2.668858000 -6.032577000 -2.033282000
C 1.519943000 -6.198541000 -2.923558000
C 1.103138000 -4.871210000 -3.376074000
C 1.995246000 -3.885067000 -2.766247000
C 2.962555000 -4.602971000 -1.935718000
C 2.807085000 -6.854975000 -0.906748000
C 0.557335000 -7.179439000 -2.649568000
C -0.258792000 -4.581427000 -3.536339000
C 1.487256000 -2.650343000 -2.341260000
C 3.382860000 -4.055237000 -0.715570000
C 1.802344000 -7.878952000 -0.621157000
C -0.864135000 -6.877332000 -2.817007000
C -0.789249000 -3.292431000 -3.092668000
C 1.925136000 -2.080253000 -1.066831000
C 3.526082000 -4.913492000 0.460467000
C 3.244360000 -6.283140000 0.366711000
C 0.701652000 -8.037832000 -1.473967000
C -1.263416000 -5.605735000 -3.250467000
C 0.065005000 -2.347776000 -2.507486000
C 2.853263000 -2.766050000 -0.271538000
C 1.618935000 -7.940425000 0.828835000
C -1.598131000 -7.547976000 -1.744124000
C 0.773350000 -1.432443000 -0.445624000
C 3.085419000 -4.154498000 1.631084000
C 2.510010000 -6.954084000 1.439258000
C -0.630535000 -8.265423000 -0.914286000
C -2.414456000 -4.949427000 -2.630176000
C -0.375549000 -1.595249000 -1.334517000 
",-9.55
4a,"148
DLPNO-CCSD(T1)/CBS (VeryTightPNO) = -38.52 kcal/mol
C 2.33811 -1.38373 -6.34339
C 1.50186 -0.704065 -5.44392
C 1.50186 0.704065 -5.44392
C 2.33811 1.38373 -6.34339
C 3.1514 0.697153 -7.24032
C 3.1514 -0.697153 -7.24032
C 0.706866 1.51766 -4.48856
C 1.37995 2.41713 -3.66283
C 0.725209 3.3467 -2.84299
C -0.725209 3.3467 -2.84299
C -1.37995 2.41713 -3.66283
C -0.706866 1.51766 -4.48856
C 1.4758 4.26184 -1.97436
C 0.714907 5.24592 -1.37845
C -0.714907 5.24592 -1.37845
C -1.4758 4.26184 -1.97436
C -1.14861 5.96848 -0.240822
C 0 6.41106 0.463402
C 1.14861 5.96848 -0.240822
C 0 6.65393 1.82831
C -1.31068 6.6257 2.43836
C -2.43758 6.19731 1.74831
C -2.37292 5.74855 0.375759
C -3.25258 4.87105 -0.353906
C -2.82228 4.15998 -1.47063
C 1.31068 6.6257 2.43836
C 2.43758 6.19731 1.74831
C 2.37292 5.74855 0.375759
C 3.25258 4.87105 -0.353906
C 2.82228 4.15998 -1.47063
C -1.50186 0.704065 -5.44392
C -1.50186 -0.704065 -5.44392
C -2.33811 -1.38373 -6.34339
C -3.1514 -0.697153 -7.24032
C -3.1514 0.697153 -7.24032
C -2.33811 1.38373 -6.34339
C 0.706866 -1.51766 -4.48856
C 1.37995 -2.41713 -3.66283
C 0.725209 -3.3467 -2.84299
C -0.725209 -3.3467 -2.84299
C -1.37995 -2.41713 -3.66283
C -0.706866 -1.51766 -4.48856
C -1.4758 -4.26184 -1.97436
C -0.714907 -5.24592 -1.37845
C 0.714907 -5.24592 -1.37845
C 1.4758 -4.26184 -1.97436
C 1.14861 -5.96848 -0.240822
C 0 -6.41106 0.463402
C -1.14861 -5.96848 -0.240822
C -2.82228 -4.15998 -1.47063
C -3.25258 -4.87105 -0.353906
C -2.37292 -5.74855 0.375759
C -2.43758 -6.19731 1.74831
C -1.31068 -6.6257 2.43836
C 0 -6.65393 1.82831
C 2.82228 -4.15998 -1.47063
C 3.25258 -4.87105 -0.353906
C 2.37292 -5.74855 0.375759
C 2.43758 -6.19731 1.74831
C 1.31068 -6.6257 2.43836
H -4.24865 4.66735 0.0311688
H -3.50523 3.43202 -1.9
H 3.50523 3.43202 -1.9
H 4.24865 4.66735 0.0311688
H 3.37179 6.10477 2.29676
H 1.41122 6.85047 3.4974
H -1.41122 6.85047 3.4974
H -3.37179 6.10477 2.29676
H -3.37179 -6.10477 2.29676
H -1.41122 -6.85047 3.4974
H 1.41122 -6.85047 3.4974
H 3.37179 -6.10477 2.29676
H 4.24865 -4.66735 0.0311688
H 3.50523 -3.43202 -1.9
H -3.50523 -3.43202 -1.9
H -4.24865 -4.66735 0.0311688
H 2.46638 2.41419 -3.68276
H -2.46638 2.41419 -3.68276
H 2.46638 -2.41419 -3.68276
H -2.46638 -2.41419 -3.68276
H -2.33347 2.47031 -6.3347
H -3.77935 1.24803 -7.93458
H -3.77935 -1.24803 -7.93458
H -2.33347 -2.47031 -6.3347
H 2.33347 2.47031 -6.3347
H 3.77935 1.24803 -7.93458
H 3.77935 -1.24803 -7.93458
H 2.33347 -2.47031 -6.3347
C -3.48233 0.698344 2.9166
C -3.0337 1.42529 1.74055
C -2.30569 2.5983 2.19123
C -2.30629 2.6004 3.64388
C -1.17422 3.02472 1.49514
C -2.60178 0.726898 0.609431
C -3.03258 1.42475 4.09289
C -3.48233 -0.698344 2.9166
C -2.60069 0.72652 5.22277
C -1.17612 3.03241 4.34282
C 0 3.47329 2.22115
C -0.726316 2.30098 0.31951
C 0 3.4786 3.61641
C -0.726897 2.3054 5.51788
C -1.42512 1.17542 5.9491
C -2.60069 -0.72652 5.22277
C -3.03258 -1.42475 4.09289
C -3.0337 -1.42529 1.74055
C -2.60178 -0.726898 0.609431
C -1.42461 1.17389 -0.115961
C 1.17422 3.02472 1.49514
C 0.726316 2.30098 0.31951
C -1.42461 -1.17389 -0.115961
C -0.698892 0 -0.56985
C -2.30629 -2.6004 3.64388
C -2.30569 -2.5983 2.19123
C -1.42512 -1.17542 5.9491
C -0.69827 0 6.39785
C 0.726897 2.3054 5.51788
C 1.17612 3.03241 4.34282
C 2.30629 2.6004 3.64388
C 2.30569 2.5983 2.19123
C 1.42461 1.17389 -0.115961
C 0.698892 0 -0.56985
C -1.17422 -3.02472 1.49514
C -0.726316 -2.30098 0.31951
C -0.726897 -2.3054 5.51788
C -1.17612 -3.03241 4.34282
C 0.69827 0 6.39785
C 1.42512 1.17542 5.9491
C 3.0337 1.42529 1.74055
C 2.60178 0.726898 0.609431
C 1.42461 -1.17389 -0.115961
C 0.726316 -2.30098 0.31951
C 0 -3.47329 2.22115
C 0 -3.4786 3.61641
C 0.726897 -2.3054 5.51788
C 1.42512 -1.17542 5.9491
C 2.60069 0.72652 5.22277
C 3.03258 1.42475 4.09289
C 2.60069 -0.72652 5.22277
C 3.48233 0.698344 2.9166
C 2.60178 -0.726898 0.609431
C 1.17422 -3.02472 1.49514
C 1.17612 -3.03241 4.34282
C 2.30629 -2.6004 3.64388
C 3.03258 -1.42475 4.09289
C 3.48233 -0.698344 2.9166
C 3.0337 -1.42529 1.74055
C 2.30569 -2.5983 2.19123
",-38.52
3a,"126
DLPNO-CCSD(T1)/CBS (VeryTightPNO) = -38.01 kcal/mol
O 0.97308 4.02954 0.0217295
O 5.22815 4.29842 0.552128
O 5.45575 2.88709 -1.50101
H 5.65505 3.42846 -0.659148
O 1.63081 1.39764 -3.81619
H 0.641777 1.28789 -3.6313
O -0.854237 1.1328 -3.02371
O -3.63485 3.01805 0.378439
O 0.942033 -4.12459 -0.0116494
O 5.22754 -4.12313 -0.192359
O 5.19973 -2.75944 1.90676
H 5.49908 -3.28736 1.08741
O 1.10371 -1.43164 3.83099
H 0.133815 -1.37347 3.54795
O -1.31349 -1.31155 2.81291
O -3.6548 -3.37232 -0.810559
N -4.55234 1.09449 -0.996954
H -4.54061 1.90827 -0.330855
N -4.76648 -1.44231 0.391441
H -4.65209 -2.26565 -0.254392
C 1.94343 3.43057 -0.804159
C 3.32616 3.54267 -0.603059
C 4.12215 2.86754 -1.60097
C 3.56741 2.16745 -2.68706
C 2.17003 2.08919 -2.79642
C 1.35712 2.72416 -1.8351
C -0.126111 3.02723 -1.80687
C -1.12764 1.90764 -2.07828
C -2.35501 1.9171 -1.32846
C -2.54309 2.903 -0.243902
C -1.40414 3.67786 0.239835
H -1.50882 4.16768 1.20106
C -0.251206 3.62021 -0.443296
C 3.98049 4.2905 0.464251
C 3.1843 5.0819 1.47208
H 3.87935 5.54191 2.17505
H 2.48024 4.43974 2.00741
H 2.58976 5.85327 0.971672
C 4.46756 1.52722 -3.70895
H 5.36533 1.12239 -3.2358
H 4.80239 2.26576 -4.4479
H 3.93824 0.73688 -4.24431
C -0.452882 4.13306 -2.8736
H -1.49937 4.43913 -2.7895
H -0.267281 3.72575 -3.87039
H 0.194682 4.99777 -2.70997
C -3.38273 0.958244 -1.6168
C -3.1645 -0.178108 -2.56828
H -3.99604 -0.880621 -2.56378
H -2.24952 -0.710349 -2.30252
H -3.00751 0.205205 -3.58018
C -5.75187 0.273907 -1.07838
H -5.66806 -0.412219 -1.92465
C -6.98158 1.17206 -1.28346
H -7.04056 1.88831 -0.452624
H -6.84506 1.75438 -2.20071
C -8.26665 0.338209 -1.34828
H -8.2351 -0.308123 -2.23604
H -9.1297 1.00136 -1.46933
C 1.79602 -3.47278 0.893764
C 3.19589 -3.51421 0.818719
C 3.86253 -2.79493 1.87847
C 3.17611 -2.10676 2.89514
C 1.76971 -2.10393 2.87704
C 1.08106 -2.79429 1.86046
C -0.375602 -3.18416 1.70563
C -1.45946 -2.12218 1.86763
C -2.6118 -2.20948 1.01188
C -2.63745 -3.19826 -0.0865579
C -1.4155 -3.90554 -0.454718
H -1.3918 -4.38386 -1.4265
C -0.344065 -3.78618 0.339792
C 3.97532 -4.19529 -0.20265
C 3.31724 -5.00249 -1.29459
H 4.09512 -5.37958 -1.95884
H 2.60356 -4.39774 -1.86055
H 2.75163 -5.83608 -0.864945
C 3.94191 -1.40977 3.98733
H 4.83363 -0.921509 3.58813
H 4.27649 -2.12992 4.74419
H 3.30841 -0.67225 4.48275
C -0.730555 -4.29856 2.75281
H -0.656983 -3.8751 3.75747
H -0.0231534 -5.12593 2.65751
H -1.74633 -4.6658 2.58196
C -3.69133 -1.28176 1.15964
C -3.63837 -0.144589 2.13634
H -4.52879 0.479375 2.09031
H -2.76622 0.478911 1.93536
H -3.50566 -0.529009 3.14982
C -5.91877 -0.573127 0.212212
H -6.00051 0.113523 1.05877
C -7.19977 -1.41584 0.129546
H -7.29884 -1.99956 1.05067
H -7.10014 -2.13255 -0.697066
C -8.42932 -0.527768 -0.0934826
H -9.32506 -1.15256 -0.174141
H -8.57207 0.120997 0.781544
O -0.414833 3.09588 4.5801
O 1.71158 3.28078 5.07199
O 5.17349 0.976866 1.70342
O 6.43793 -1.69246 -2.69357
O 4.79526 -2.68408 -3.75289
O 0.35106 -1.81533 -2.70476
O -0.274513 -0.958943 -0.804536
N 0.781983 2.87399 4.37038
N 5.24923 -1.95829 -2.86447
N 0.591462 -1.25244 -1.63732
C 1.72805 0.560413 0.920866
C 0.398007 0.849016 1.22788
H -0.410345 0.499407 0.608629
C 0.108054 1.60426 2.36541
H -0.915482 1.83412 2.63125
C 1.13088 2.06938 3.18199
C 2.47299 1.8149 2.90467
H 3.26549 2.18816 3.54271
C 2.74257 1.07138 1.77248
C 4.07956 0.70101 1.24569
C 3.7963 -0.0885377 0.0118076
C 4.74912 -0.641299 -0.821254
H 5.80777 -0.526154 -0.621521
C 4.28243 -1.34806 -1.92534
C 2.93074 -1.50064 -2.17638
H 2.59319 -2.0513 -3.04376
C 1.99208 -0.945089 -1.30326
C 2.39299 -0.197405 -0.181041
",-38.01
CiM-a,"126
DLPNO-CCSD(T1)/CBS (VeryTightPNO) = -41.27 kcal/mol
 C                  4.90011200   -2.45613900    0.26795800
 C                  5.14122000   -1.02644800    0.23590800
 N                  4.07200600   -0.28273000   -0.25575400
 C                  2.87598200   -0.76405700   -0.71772200
 N                  2.72895200   -2.13709100   -0.68251100
 C                  3.73044200   -2.93677000   -0.18986800
 O                  6.16411800   -0.46905800    0.58969200
 O                  1.99337700   -0.03120300   -1.13279600
 C                  1.48420300   -2.70887400   -1.21523500
 C                  0.25154400   -2.33402800   -0.39906100
 C                 -0.84841300   -3.37064700   -0.60369200
 N                 -2.10372700   -2.83247900   -0.60759600
 C                 -3.33213100   -3.50681500   -0.62715700
 O                 -0.59115700   -4.55233600   -0.70261200
 N                 -4.38565200   -2.70579800   -0.42334400
 C                 -5.61316300   -3.24405600   -0.41031500
 C                 -5.83760800   -4.60930700   -0.62037000
 C                 -4.72821400   -5.40819500   -0.83248700
 C                 -3.44518600   -4.87877100   -0.83775400
 N                 -6.63315900   -2.33379400   -0.15173300
 C                 -7.99639800   -2.55906900   -0.16393400
 O                 -8.50620600   -3.62231700   -0.43423800
 C                 -8.80149700   -1.32166400    0.19288700
 C                -10.29826100   -1.59401300    0.22181900
 C                -11.10429400   -0.34725600    0.57619600
 C                -12.60860200   -0.60547500    0.61180900
 C                -13.42154900    0.63674900    0.96842100
 C                -14.92603500    0.37896400    1.00413800
 C                -15.73687400    1.62199500    1.36181400
 C                -17.24665600    1.35896200    1.38916800
 C                -18.02925300    2.57805000    1.77889800
 C                -18.91519200    3.19113100    1.00452300
 H                  5.67524000   -3.10250400    0.64809500
 H                  4.18629400    0.74524500   -0.29798100
 H                  3.50770600   -3.99637000   -0.19706400
 H                  1.59887200   -3.79190800   -1.20865500
 H                  1.36906100   -2.37383900   -2.24719000
 H                 -0.08858300   -1.32818600   -0.63983200
 H                  0.50060000   -2.36473300    0.66735700
 H                 -2.15819600   -1.81771600   -0.65320700
 H                 -6.84140500   -4.99907300   -0.60998600
 H                 -4.86423500   -6.47075100   -0.99661400
 H                 -2.56639600   -5.48042300   -0.99779800
 H                 -6.34472100   -1.39548200    0.11984400
 H                 -8.55766500   -0.53497000   -0.52973700
 H                 -8.44745400   -0.94303900    1.15772400
 H                -10.50561100   -2.39050300    0.94250800
 H                -10.61343800   -1.98047200   -0.75161300
 H                -10.89042800    0.44595000   -0.15049900
 H                -10.77913300    0.03409800    1.55172800
 H                -12.82190300   -1.39975300    1.33697000
 H                -12.93370400   -0.98477000   -0.36422600
 H                -13.20760400    1.43102600    0.24318500
 H                -13.09560000    1.01521600    1.94478400
 H                -15.14102900   -0.41551300    1.72886500
 H                -15.25241500    0.00168800    0.02760300
 H                -15.52796000    2.42012200    0.64119000
 H                -15.41631800    1.99654700    2.34113200
 H                -17.44963100    0.55111100    2.10258200
 H                -17.57830300    1.00841200    0.40662100
 H                -17.82100200    2.98153600    2.76868500
 H                -19.44105900    4.07950000    1.33325000
 H                -19.14594600    2.81871700    0.01116400
 C                 -4.90006100    2.45629600    0.26716200
 C                 -5.14118500    1.02660300    0.23515900
 N                 -4.07194100    0.28283900   -0.25637700
 C                 -2.87588200    0.76414100   -0.71827300
 N                 -2.72886100    2.13717500   -0.68317600
 C                 -3.73036100    2.93689500   -0.19061600
 O                 -6.16411300    0.46925900    0.58891600
 O                 -1.99322100    0.03126600   -1.13320600
 C                 -1.48400200    2.70890200   -1.21570100
 C                 -0.25156700    2.33432500   -0.39906000
 C                  0.84843500    3.37088500   -0.60373400
 N                  2.10374800    2.83272200   -0.60735200
 C                  3.33217000    3.50702900   -0.62692400
 O                  0.59118500    4.55254900   -0.70297500
 N                  4.38565300    2.70597700   -0.42307600
 C                  5.61318500    3.24418700   -0.41003600
 C                  5.83767700    4.60942700   -0.62012900
 C                  4.72831500    5.40835300   -0.83227200
 C                  3.44526500    4.87897600   -0.83753900
 N                  6.63314800    2.33389900   -0.15142200
 C                  7.99640000    2.55913800   -0.16359200
 O                  8.50624200    3.62235000   -0.43396200
 C                  8.80145000    1.32170600    0.19323800
 C                 10.29822900    1.59398100    0.22210200
 C                 11.10421900    0.34717100    0.57639100
 C                 12.60854400    0.60530600    0.61191000
 C                 13.42144800   -0.63698500    0.96838600
 C                 14.92595300   -0.37929100    1.00398800
 C                 15.73674800   -1.62240000    1.36149800
 C                 17.24655100   -1.35946900    1.38870700
 C                 18.02910600   -2.57863800    1.77827300
 C                 18.91488600   -3.19175500    1.00374600
 H                 -5.67521000    3.10267900    0.64722300
 H                 -4.18623200   -0.74515200   -0.29853700
 H                 -3.50760600    3.99649100   -0.19785200
 H                 -1.59874100    3.79193000   -1.20944300
 H                 -1.36854300    2.37358500   -2.24752600
 H                  0.08861100    1.32839400   -0.63940200
 H                 -0.50092200    2.36541300    0.66727600
 H                  2.15823300    1.81795900   -0.65271700
 H                  6.84148700    4.99915900   -0.60973300
 H                  4.86438000    6.47090100   -0.99641600
 H                  2.56649100    5.48064400   -0.99761900
 H                  6.34469400    1.39562100    0.12026200
 H                  8.55755900    0.53500700   -0.52936400
 H                  8.44741700    0.94311700    1.15809100
 H                 10.50565900    2.39043500    0.94280800
 H                 10.61337300    1.98045700   -0.75133300
 H                 10.89026500   -0.44599900   -0.15031600
 H                 10.77910100   -0.03419800    1.55193200
 H                 12.82194400    1.39953000    1.33710200
 H                 12.93359300    0.98464000   -0.36412700
 H                 13.20739500   -1.43120800    0.24312300
 H                 13.09555900   -1.01548800    1.94475500
 H                 15.14106200    0.41512000    1.72875200
 H                 15.25226600   -0.00196600    0.02745000
 H                 15.52770600   -2.42046500    0.64084300
 H                 15.41627100   -1.99699500    2.34082600
 H                 17.44966000   -0.55167700    2.10214900
 H                 17.57811400   -1.00888200    0.40614500
 H                 17.82095800   -2.98215400    2.76807000
 H                 19.44072600   -4.08018300    1.33235800
 H                 19.14553200   -2.81931400    0.01037200
",-41.27
DNA-ellipticine,"157
DLPNO-CCSD(T1)/CBS (VeryTightPNO) = -38.38 kcal/mol
C -0.242 10.901 30.048
C 0.528 9.999 30.813
C 1.921 10.237 30.882
C 2.522 11.345 30.263
C 1.742 12.224 29.521
C 0.352 12.011 29.421
C 3.922 12.950 29.433
C 2.641 13.273 28.985
C 4.996 13.757 29.106
C 6.366 13.366 29.617
C 4.783 14.870 28.295
C 3.487 15.184 27.842
C 2.393 14.373 28.186
C 0.989 14.696 27.735
C 5.851 15.687 27.914
C 5.595 16.805 27.112
C 3.308 16.320 27.026
N 3.814 11.823 30.172
N 4.351 17.106 26.672
H -1.314 10.735 29.941
H 0.069 9.155 31.329
H 2.548 9.537 31.434
H -0.265 12.709 28.855
H 4.618 11.365 30.624
H 6.430 13.577 30.685
H 6.528 12.302 29.447
H 7.128 13.938 29.088
H 0.870 15.777 27.660
H 0.807 14.243 26.761
H 0.275 14.302 28.458
H 6.867 15.457 28.236
H 6.425 17.455 26.833
H 2.308 16.570 26.673
C -2.258 5.599 28.674
C -0.763 5.424 28.875
C 1.043 6.739 28.127
C -0.306 8.644 27.160
C -0.420 9.878 26.633
C 0.796 10.623 26.469
C 2.093 8.903 27.387
C -0.182 6.209 30.042
C 1.235 6.565 29.621
C 1.779 6.493 33.422
C 2.424 7.271 34.559
C 1.850 9.482 35.128
C -0.082 10.740 34.070
C 0.913 12.432 33.262
C 1.266 13.639 32.619
C 3.526 13.063 33.356
C 1.870 11.673 33.877
C 1.705 7.274 35.903
C 0.886 8.546 35.838
N 0.916 8.145 27.554
N 0.763 11.852 25.940
N 2.002 10.155 26.841
N 1.230 10.579 34.401
N -0.335 11.840 33.412
N 2.623 13.903 32.708
N 4.802 13.446 33.387
N 3.192 11.926 33.963
O -2.637 6.982 28.880
O -0.067 5.932 27.721
O 3.163 8.428 27.788
O -0.170 5.405 31.206
O -0.639 4.884 33.560
O -1.908 6.830 32.414
O 0.495 7.041 33.079
O 2.471 8.661 34.157
O 0.516 14.437 32.018
O 2.652 7.468 36.917
H -3.559 7.231 28.783
H -2.522 5.293 27.662
H -2.791 4.976 29.392
H -0.506 4.365 28.904
H 1.971 6.367 27.693
H -1.193 8.039 27.273
H -1.400 10.273 26.367
H 1.639 12.344 25.841
H -0.116 12.260 25.654
H -0.741 7.122 30.246
H 1.739 7.081 30.438
H 1.781 5.654 29.376
H 2.421 6.544 32.543
H 1.659 5.452 33.723
H 3.470 6.975 34.641
H 2.587 9.976 35.761
H -0.805 9.989 34.353
H 2.984 14.746 32.309
H 5.196 14.282 32.979
H 5.448 12.825 33.852
H 1.051 6.432 36.130
H -0.166 8.295 35.702
H 1.008 9.105 36.766
H 2.294 7.485 37.808
P -0.668 6.021 32.615
C 7.501 21.262 31.599
C 7.978 19.848 31.275
C 6.701 17.999 30.649
C 4.444 18.550 29.890
C 3.125 18.328 29.856
C 2.623 17.232 30.592
C 4.750 16.668 31.347
C 8.274 19.551 29.805
C 7.184 18.605 29.342
C 10.335 16.163 28.378
C 10.457 14.958 27.474
C 9.138 13.640 26.081
C 7.130 14.669 24.922
C 5.572 13.291 25.427
C 4.360 12.586 25.621
C 5.716 11.011 26.939
C 6.716 12.816 26.020
C 10.988 15.211 26.083
C 10.156 14.313 25.156
N 5.269 17.748 30.620
N 1.316 16.967 30.578
N 3.416 16.449 31.315
N 7.734 13.700 25.680
N 5.843 14.464 24.757
N 4.513 11.440 26.408
N 5.740 9.873 27.660
N 6.849 11.703 26.778
O 6.318 21.472 30.849
O 6.907 18.951 31.654
O 5.492 15.951 32.017
O 9.545 18.933 29.656
O 11.701 18.875 28.457
O 9.660 19.761 27.253
O 9.826 17.319 27.707
O 9.142 14.446 27.233
O 3.226 12.876 25.173
O 12.403 14.873 26.161
H 5.865 22.315 30.921
H 7.295 21.335 32.667
H 8.282 21.974 31.331
H 8.807 19.575 31.928
H 7.124 17.041 30.951
H 4.850 19.378 29.328
H 2.489 18.996 29.275
H 0.992 16.176 31.115
H 0.685 17.547 30.044
H 8.241 20.463 29.208
H 6.741 18.983 28.421
H 7.611 17.619 29.161
H 9.682 15.918 29.216
H 11.323 16.430 28.754
H 10.973 14.151 27.995
H 9.305 12.581 26.279
H 7.697 15.498 24.525
H 3.698 10.900 26.618
H 4.956 9.276 27.879
H 6.635 9.597 28.038
H 10.929 16.243 25.738
H 10.059 14.789 24.180
H 10.652 13.349 25.042
H 12.892 14.983 25.342
P 10.233 18.788 28.208
",-38.38
CiM-d,"160
DLPNO-CCSD(T1)/CBS (VeryTightPNO) = -73.69 kcal/mol
O          1.63457        3.46401        3.87097
O         -1.72832        4.77785        0.68901
N          0.84818        4.59586        2.04792
H          0.99986        4.79999        1.05410
N         -2.38743        3.64506        2.53487
C          1.75627        3.84587        2.71239
C         -0.38587        5.04144        2.66929
H         -0.38281        4.63020        3.68786
C         -1.56270        4.47017        1.87493
C         -3.53491        3.01501        1.90989
H         -3.27233        2.72057        0.88682
C         -4.75037        3.94865        1.84201
H         -5.08928        4.21433        2.85520
H         -5.57141        3.45865        1.30124
H         -4.47803        4.86688        1.30310
O          3.47200       -1.62590        3.87123
O          4.79117        1.73040        0.68809
N          4.61008       -0.84702        2.04881
H          4.81459       -1.00106        1.05540
N          3.65448        2.38471        2.53318
C          3.85551       -1.75112        2.71358
C          5.05747        0.38760        2.66782
H          4.64899        0.38553        3.68750
C          4.48334        1.56336        1.87380
C          3.01976        3.52928        1.90754
H          2.72515        3.26461        0.88504
C          3.94892        4.74805        1.83753
H          4.21415        5.08903        2.85015
H          3.45545        5.56668        1.29628
H          4.86769        4.47847        1.29818
O         -3.47151        1.62666        3.87126
O         -4.79132       -1.73043        0.68908
N         -4.60978        0.84754        2.04906
H         -4.81422        1.00134        1.05560
N         -3.65378       -2.38360        2.53399
C         -3.85501        1.75165        2.71359
C         -5.05740       -0.38687        2.66835
H         -4.64902       -0.38459        3.68807
C         -4.48326       -1.56286        1.87467
C         -3.01897       -3.52813        1.90840
H         -2.72417       -3.26336        0.88598
C         -3.94811       -4.74691        1.83814
H         -4.21340       -5.08805        2.85069
H         -3.45459       -5.56543        1.29678
H         -4.86685       -4.47725        1.29878
O         -1.63380       -3.46297        3.87188
O          1.72883       -4.77750        0.68962
N         -0.84761       -4.59491        2.04876
H         -0.99956       -4.79899        1.05496
N          2.38815       -3.64470        2.53537
C         -1.75554       -3.84477        2.71330
C          0.38639       -5.04077        2.66999
H          0.38353       -4.62953        3.68856
C          1.56330       -4.46978        1.87554
C          3.53557       -3.01472        1.91020
H          3.27297       -2.72057        0.88705
C          4.75110       -3.94826        1.84260
H          5.09006       -4.21361        2.85587
H          5.57209       -3.45837        1.30167
H          4.47884       -4.86669        1.30398
H         -2.20197        3.34989        3.49266
H         -3.35913       -2.19713        3.49177
H          2.20266       -3.34922        3.49306
H          3.35984        2.19843        3.49099
C          6.58418        0.47916        2.70479
H          6.99943       -0.37429        3.26008
H          6.98675        0.47168        1.68083
H          6.90732        1.41092        3.19479
C          0.47765       -6.56750        2.71163
H         -0.37616       -6.98086        3.26776
H          0.47054       -6.97311        1.68886
H          1.40910       -6.88934        3.20311
C         -6.58411       -0.47821        2.70514
H         -6.99933        0.37545        3.26014
H         -6.98654       -0.47097        1.68112
H         -6.90746       -1.40980        3.19535
C         -0.47747        6.56814        2.71092
H          0.37632        6.98172        3.26694
H         -0.47057        6.97375        1.68815
H         -1.40892        6.88979        3.20251
O          1.68502       -3.43881       -3.87139
O         -1.65818       -4.80196       -0.68937
N          0.91478       -4.58194       -2.04851
H          1.06947       -4.78463       -1.05486
N         -2.33507       -3.67910       -2.53489
C          1.81223       -3.81916       -2.71291
C         -0.31267       -5.04505       -2.67012
H         -0.31564       -4.63317       -3.68844
C         -1.49771       -4.49167       -1.87531
C         -3.49212       -3.06683       -1.90990
H         -3.23466       -2.76990       -0.88628
C         -4.69368       -4.01847       -1.84407
H         -5.02765       -4.28822       -2.85784
H         -5.52250       -3.54120       -1.30376
H         -4.40831       -4.93307       -1.30573
O          3.44861        1.67564       -3.87125
O          4.81579       -1.66104       -0.68754
N          4.59707        0.91397       -2.04805
H          4.79881        1.07122       -1.05456
N          3.68944       -2.33118       -2.53326
C          3.82979        1.80679       -2.71349
C          5.06335       -0.31383       -2.66670
H          4.65593       -0.31773       -3.68680
C          4.50603       -1.49809       -1.87332
C          3.07140       -3.48526       -1.90834
H          2.77368       -3.22579       -0.88543
C          4.01796       -4.69068       -1.83997
H          4.28782       -5.02664       -2.85305
H          3.53641       -5.51698       -1.29962
H          4.93290       -4.40858       -1.30050
O         -3.44904       -1.67639       -3.87026
O         -4.81628        1.66088       -0.68740
N         -4.59779       -0.91472       -2.04728
H         -4.79987       -1.07196       -1.05387
N         -3.68958        2.33012       -2.53322
C         -3.83042       -1.80757       -2.71257
C         -5.06401        0.31304       -2.66608
H         -4.65678        0.31666       -3.68626
C         -4.50639        1.49741       -1.87307
C         -3.07157        3.48438       -1.90864
H         -2.77382        3.22518       -0.88568
C         -4.01822        4.68975       -1.84053
H         -4.28815        5.02543       -2.85368
H         -3.53672        5.51623       -1.30041
H         -4.93311        4.40771       -1.30093
O         -1.68512        3.43766       -3.87168
O          1.65838        4.80169       -0.69026
N         -0.91515        4.58129       -2.04899
H         -1.07005        4.78409       -1.05539
N          2.33426        3.67828       -2.53575
C         -1.81244        3.81827       -2.71331
C          0.31217        5.04482       -2.67055
H          0.31508        4.63333       -3.68903
C          1.49740        4.49130       -1.87611
C          3.49127        3.06593       -1.91074
H          3.23359        2.76872       -0.88724
C          4.69276        4.01762       -1.84453
H          5.02689        4.28749       -2.85821
H          5.52147        3.54030       -1.30412
H          4.40722        4.93213       -1.30613
H         -3.39285        2.14755       -3.49110
H          2.15334        3.38032       -3.49355
H          3.39260       -2.14891       -3.49116
H         -2.15433       -3.38116       -3.49273
C          6.59130       -0.38267       -2.70203
H          6.99447        0.47680       -3.25693
H          6.99257       -0.36918       -1.67762
H          6.92878       -1.30957       -3.19159
C          0.38126        6.57271       -2.71250
H         -0.47846        6.97360       -3.26866
H          0.36834        6.97834       -1.68979
H          1.30792        6.90795       -3.20406
C         -6.59194        0.38208       -2.70108
H         -6.99538       -0.47743       -3.25572
H         -6.99299        0.36885       -1.67658
H         -6.92941        1.30893       -3.19074
C         -0.38208       -6.57291       -2.71270
H          0.47748       -6.97373       -3.26917
H         -0.36907       -6.97900       -1.69017
H         -1.30887       -6.90775       -3.20429
",-73.69
